file_name,class_0,class_1,class_2,class_3,class_4,class_5,class_6,class_7,class_8,class_9,class_10,class_11,class_12,class_13,class_14,class_15,class_16,class_17,class_18
-200_-100.png,41968,0,208032,0,0,0,0,0,0,0,0,0,0,0,0,0,0,0,0
-200_-300.png,51077,0,198549,0,0,374,0,0,0,0,0,0,0,0,0,0,0,0,0
-200_150.png,57456,0,192544,0,0,0,0,0,0,0,0,0,0,0,0,0,0,0,0
-200_200.png,33776,0,216224,0,0,0,0,0,0,0,0,0,0,0,0,0,0,0,0
-250_-300.png,22259,0,227741,0,0,0,0,0,0,0,0,0,0,0,0,0,0,0,0
-300_-300.png,24421,0,225579,0,0,0,0,0,0,0,0,0,0,0,0,0,0,0,0
10_points_GTv2_-150_-200.png,107789,21447,4,77,51850,3688,1001,1724,0,0,0,109,18,0,904,61389,0,0,0
10_points_GTv2_0_-50.png,106374,61251,0,0,48485,3358,0,0,0,8,0,70,16,0,0,30438,0,0,0
10_points_GTv2_0_0.png,98669,51532,0,0,68601,1266,3495,493,0,25,0,122,0,0,0,25797,0,0,0
10_points_GTv3_-100_-50.png,63727,43718,0,0,69712,5729,0,0,0,0,0,108,0,0,6443,36219,0,101,24243
10_points_GTv3_-100_0.png,18130,105482,0,0,18912,0,0,0,0,100,173,0,0,0,2531,26288,0,489,77895
10_points_GTv3_-150_-150.png,24671,49420,0,0,10316,4089,0,0,0,0,0,0,0,645,4324,4008,0,1637,150890
10_points_GTv3_-200_-100.png,46366,38287,0,0,3029,2571,0,0,0,0,0,396,0,0,11198,45509,0,1390,101254
10_points_GTv3_-200_0.png,40128,113740,44,0,21712,0,1198,0,0,0,0,136,0,118,0,8521,0,411,63992
10_points_GTv3_-200_150.png,20128,104726,0,0,1483,833,0,0,0,74,0,0,0,1240,1995,29899,0,1400,88222
10_points_GTv3_-50_-100.png,34295,88698,0,0,20282,2272,0,0,0,395,907,0,0,0,6771,25073,0,2124,69183
10_points_GTv3_-50_-200.png,23190,81107,0,0,57165,0,5255,0,0,0,0,0,0,280,4531,15683,0,319,62470
10_points_GTv3_-50_-250.png,80363,34954,0,0,67887,2495,1174,0,0,0,0,0,0,1616,0,45687,0,0,15824
10_points_GTv3_-50_0.png,26685,43655,0,0,149109,2458,0,0,0,232,0,109,213,163,454,14057,0,52,12813
10_points_GTv3_-50_100.png,31571,98979,0,0,24157,0,339,0,0,626,2181,350,0,0,2175,17294,0,798,71530
10_points_GTv3_-50_150.png,22322,100925,0,0,17341,3013,0,0,762,45,199,0,0,0,11,26362,0,1125,77895
10_points_GTv3_0_-100.png,38384,43353,0,0,1620,2066,1020,0,0,582,2503,359,0,0,5386,49594,0,539,104594
10_points_GTv3_0_-200.png,119122,0,0,0,78554,0,0,0,0,49,0,0,185,4781,14971,0,0,0,32338
10_points_GTv3_0_-250.png,71888,0,0,883,137140,1551,857,0,0,0,0,284,207,177,118,36895,0,0,0
10_points_GTv3_0_50.png,14649,131048,0,0,11670,0,0,0,0,1135,849,0,0,0,2005,0,0,381,88263
10_points_GTv3_150_-50.png,4943,106074,0,466,62189,672,0,0,1690,0,0,171,0,0,0,7604,0,395,65796
10_points_GTv3_150_0.png,85215,42237,84,45,40299,2075,0,0,0,75,1149,453,0,0,5485,44289,0,76,28518
10_points_GTv3_150_200.png,33041,91098,0,0,1088,0,0,0,0,0,0,409,797,992,0,0,0,314,122261
10_points_GTv3_200_150.png,34469,26668,0,558,137612,0,0,0,0,0,0,143,0,1677,0,22264,0,438,26171
10_points_GTv3_200_50.png,106810,62373,46,0,53110,0,0,4142,0,0,0,0,0,0,218,0,0,211,23090
10_points_GTv3_50_-100.png,24769,15491,0,901,105304,3394,1964,0,0,0,0,0,100,1101,11575,3458,0,200,81743
10_points_GTv3_50_-150.png,9415,11878,0,0,215234,0,370,0,0,53,189,116,0,0,2320,6112,0,59,4254
10_points_GTv3_50_-250.png,77721,0,0,489,138068,0,1452,0,0,0,0,174,0,0,851,31245,0,0,0
11_points_GTv3_-100_-150.png,38651,68193,0,0,0,802,0,0,0,95,576,247,600,0,17560,7041,0,471,115764
11_points_GTv3_-100_100.png,46847,26693,0,0,0,0,1057,265,3934,0,0,0,0,1281,15117,0,0,84,154722
11_points_GTv3_-200_0.png,40800,15773,0,176,6685,2435,0,0,0,0,0,65,0,936,11559,34549,0,110,136912
11_points_GTv3_-200_50.png,34830,86083,0,0,15224,0,0,0,0,0,0,0,0,0,11977,0,0,764,101122
11_points_GTv3_-50_-150.png,41538,38968,0,0,1335,3208,0,0,0,0,0,777,631,0,7373,47927,0,358,107885
11_points_GTv3_-50_-250.png,93740,47238,0,616,63504,4045,0,0,0,0,0,237,0,0,8754,16372,0,848,14646
11_points_GTv3_-50_50.png,59306,29976,0,367,41864,889,380,6737,0,0,0,0,263,117,10536,58263,0,274,41028
11_points_GTv3_0_-100.png,18681,56302,0,0,103814,0,0,0,0,0,0,0,0,8,5486,0,0,1382,64327
11_points_GTv3_0_-250.png,41044,48680,0,148,77875,3040,0,0,0,186,270,287,0,0,407,45441,0,1259,31363
11_points_GTv3_0_0.png,69656,0,0,0,122515,1426,5029,0,0,0,0,613,0,1130,2130,45443,0,0,2058
11_points_GTv3_0_100.png,90433,44205,0,68,37102,1140,114,0,0,0,0,210,0,1074,4905,24400,0,444,45905
11_points_GTv3_150_0.png,84488,22134,0,0,29289,4591,0,0,6763,0,0,279,8,0,563,63793,0,601,37491
11_points_GTv3_150_150.png,65902,0,25,0,88711,2333,1233,0,0,0,0,327,0,0,914,68383,0,0,22172
11_points_GTv3_150_200.png,77702,0,0,0,59281,3281,0,0,0,0,0,848,0,0,0,70671,0,0,38217
11_points_GTv3_200_-150.png,42139,33966,0,0,316,5638,2166,0,0,0,0,0,0,0,8868,5,0,9,156893
11_points_GTv3_200_150.png,40802,0,0,0,164709,83,7819,0,0,0,0,46,0,0,856,34853,0,0,832
11_points_GTv3_200_200.png,37969,0,0,434,113778,3801,0,0,0,0,0,453,0,0,0,49209,0,0,44356
11_points_GTv3_50_-200.png,4933,92392,0,0,1194,2288,0,0,0,259,0,119,0,1979,2315,26048,0,863,117610
12_points_GTv3_-150_100.png,32878,129053,87,0,46816,1154,1102,6042,0,0,0,0,0,0,0,25611,0,0,7257
12_points_GTv3_-150_150.png,94404,0,0,0,67357,3176,0,0,3900,0,0,276,0,0,0,31828,0,0,49059
12_points_GTv3_-200_150.png,49466,0,0,0,32115,3424,2962,7053,0,68,0,271,101,3697,0,27046,0,0,123797
12_points_GTv3_-250_-100.png,83479,0,0,0,24741,7165,2739,0,0,0,0,98,0,8677,0,36229,0,0,86872
12_points_GTv3_-250_100.png,55513,11431,0,0,125721,4675,0,0,0,131,398,439,0,3059,0,31118,0,0,17515
12_points_GTv3_-50_-200.png,35454,81429,0,0,6777,2868,0,0,8,0,0,188,0,0,0,56346,0,195,66735
12_points_GTv3_-50_-250.png,62493,0,0,0,162439,1438,2459,0,255,37,0,104,0,0,0,20334,0,0,441
12_points_GTv3_-50_200.png,130789,0,0,0,98628,7323,0,4993,1958,0,0,0,0,0,0,0,0,0,6309
12_points_GTv3_100_-200.png,25408,57858,0,0,1094,3822,0,0,2052,0,0,0,0,0,0,62735,0,875,96156
12_points_GTv3_100_0.png,39038,92979,0,0,21218,4130,0,0,0,0,0,527,0,0,0,61552,0,371,30185
12_points_GTv3_100_50.png,26066,121591,0,0,12240,1980,0,0,0,0,0,249,0,0,0,33696,0,599,53579
12_points_GTv3_150_150.png,158875,0,0,0,77425,0,0,0,0,0,9,0,645,0,4519,0,0,0,8527
12_points_GTv3_200_100.png,17439,53803,0,0,0,5811,7156,0,0,0,0,224,0,0,1128,24900,0,8,139531
12_points_GTv3_50_0.png,34821,93246,0,0,13634,3237,0,0,0,0,0,126,0,0,0,45097,0,4786,55053
12_points_GTv3_50_100.png,9255,173601,354,0,45129,0,0,0,0,0,318,0,0,0,904,0,0,560,19879
12_points_GTv3_50_150.png,65561,0,1,0,131825,3298,1609,0,0,200,0,345,0,3848,4466,25575,0,0,13272
12_points_GTv3_50_50.png,10623,192987,0,0,10084,0,0,0,0,0,0,0,0,0,0,0,0,500,35806
13_points_GTv3_-150_-250.png,48013,0,0,1178,17335,1368,9823,0,0,0,0,72,130,0,0,84003,0,0,88078
13_points_GTv3_-250_-100.png,135531,0,87,368,62262,917,3417,0,0,0,0,433,0,0,0,40680,0,0,6305
13_points_GTv3_200_200.png,76881,0,0,0,56365,0,0,0,0,0,0,0,0,15024,0,0,0,0,101730
13_points_GTv3_50_-50.png,38064,0,0,0,0,3057,93,0,0,0,0,327,69,0,3132,82937,0,0,122321
14_points_GTv3_-100_-200.png,68645,22649,0,0,11939,2414,490,0,0,0,0,173,382,217,0,8877,0,357,133857
14_points_GTv3_-100_-50.png,46271,67008,215,165,9765,1050,0,0,0,52,850,590,0,124,1575,42109,0,997,79229
14_points_GTv3_-100_150.png,37695,50066,0,0,8205,3952,0,0,0,0,0,328,68,206,0,49590,0,157,99733
14_points_GTv3_-150_-200.png,94736,0,558,498,42842,654,1489,0,0,0,462,976,284,1791,0,34697,0,0,71013
14_points_GTv3_-150_0.png,48283,63405,870,598,12148,659,1812,0,0,273,886,292,303,89,2132,42753,0,288,75209
14_points_GTv3_-150_100.png,66022,30564,1119,1976,36400,0,4785,0,0,763,2278,48,0,1325,0,0,0,89,104631
14_points_GTv3_-150_50.png,26518,44679,202,1448,51835,259,812,0,0,677,1118,52,0,1752,1733,18,0,102,118795
14_points_GTv3_-200_-100.png,16171,75605,0,0,0,440,9215,0,0,0,0,45,172,0,0,74869,0,210,73273
14_points_GTv3_-200_-150.png,38226,20324,129,0,55470,2394,0,0,0,247,0,900,200,1918,0,26677,0,149,103366
14_points_GTv3_-200_200.png,88605,18028,229,751,36588,0,819,0,0,793,1191,398,0,620,0,0,0,0,101978
14_points_GTv3_-200_50.png,44091,35015,0,0,16529,2200,327,0,0,179,147,574,82,1597,1076,49342,0,351,98490
14_points_GTv3_-50_-150.png,48584,43568,0,0,34268,1315,0,0,0,18,0,245,359,128,13,11431,0,466,109605
14_points_GTv3_-50_-200.png,58529,30397,0,0,18166,4269,1027,0,0,0,82,145,304,405,3566,51231,0,520,81359
14_points_GTv3_0_100.png,68034,0,190,0,22424,3655,1233,0,0,309,395,497,341,1364,26,38671,0,0,112861
14_points_GTv3_0_50.png,34584,23504,224,640,43204,1576,1926,0,0,320,1014,429,231,366,0,3414,0,59,138509
14_points_GTv3_100_-100.png,35848,36371,0,0,13257,5189,0,0,0,0,0,416,358,501,1304,80904,0,204,75648
14_points_GTv3_100_-200.png,108095,23697,302,0,50926,1107,1437,0,0,149,573,978,317,1149,0,19349,0,115,41806
14_points_GTv3_100_-50.png,41151,48580,0,798,12882,0,0,0,0,324,1201,405,0,706,2761,21106,0,245,119841
14_points_GTv3_100_150.png,90351,2097,0,0,59331,4328,1544,0,0,25,231,640,426,885,0,26944,0,54,63144
14_points_GTv3_100_200.png,67839,4278,0,297,16918,1958,3117,0,1040,365,635,352,60,4250,0,53222,0,95,95574
14_points_GTv3_150_-100.png,84896,33139,0,0,45832,2536,0,0,0,616,300,733,155,549,1117,29525,0,836,49766
14_points_GTv3_150_-200.png,27750,36335,393,650,5632,0,0,0,0,500,1077,1132,215,1196,0,51812,0,1382,121926
14_points_GTv3_150_-50.png,34595,45666,0,0,19376,3084,1479,0,0,0,0,1135,302,750,4787,23183,0,1249,114394
14_points_GTv3_150_200.png,44661,0,49,194,34432,6042,1572,0,0,112,185,1053,327,768,0,52023,0,0,108582
14_points_GTv3_200_-100.png,50016,27044,818,744,19719,2712,3240,0,3086,559,962,92,151,2232,0,25090,0,370,113165
14_points_GTv3_200_-250.png,82883,0,219,224,102998,0,0,0,0,639,1094,928,376,2089,0,0,0,0,58550
14_points_GTv3_50_-100.png,34794,50753,0,226,37428,2419,0,0,0,39,789,454,132,314,0,45121,0,355,77176
14_points_GTv3_50_-50.png,18173,25407,133,192,50263,1220,0,0,0,169,1288,1042,124,872,5293,14838,0,364,130622
150_200.png,30240,0,219234,0,0,5,0,0,0,0,0,0,0,521,0,0,0,0,0
150_250.png,46272,0,203728,0,0,0,0,0,0,0,0,0,0,0,0,0,0,0,0
15_points_GTv3_-100_-100.png,42174,87264,0,0,9942,2452,1116,0,0,0,428,51,384,534,0,50371,0,419,54865
15_points_GTv3_-150_-100.png,48916,56829,277,0,18773,2032,0,0,0,47,377,79,324,428,0,1930,0,138,119850
15_points_GTv3_-150_-50.png,50893,39255,0,0,15582,2035,2,0,0,0,0,99,34,973,0,65783,0,514,74830
15_points_GTv3_-150_0.png,60827,56287,75,0,47550,1331,1529,0,0,0,1303,0,243,2146,5528,18643,0,2175,52363
15_points_GTv3_-150_100.png,67158,36707,193,27,24220,3784,2129,0,0,263,334,231,85,471,1964,75008,0,116,37310
15_points_GTv3_-150_150.png,43786,26354,512,1728,20151,185,0,0,0,40,2361,68,428,0,0,3400,0,153,150834
15_points_GTv3_-200_-150.png,84844,24560,954,0,38669,1282,0,0,0,0,348,167,216,2439,466,12283,0,1,83771
15_points_GTv3_-50_-50.png,38514,99115,66,385,9013,3083,0,0,0,141,875,0,87,0,0,0,0,3390,95331
15_points_GTv3_-50_100.png,53240,10001,751,133,28677,6901,5075,0,0,633,2280,495,374,261,4924,229,0,0,136026
15_points_GTv3_-50_150.png,34128,71504,0,712,31406,1198,2679,0,0,475,719,147,0,0,1817,13575,0,660,90980
15_points_GTv3_-50_50.png,29470,61562,730,0,24401,6111,0,0,0,246,886,97,221,0,158,41284,0,428,84406
15_points_GTv3_0_-100.png,26916,52866,0,1484,1175,4092,1345,0,0,145,1230,354,437,91,184,48394,0,329,110958
15_points_GTv3_0_100.png,42303,68474,43,0,36641,2896,3906,0,0,411,0,201,51,76,1059,31416,0,555,61968
15_points_GTv3_0_200.png,52215,7597,1377,0,27476,1100,0,0,0,34,823,0,479,335,0,52340,0,112,106112
15_points_GTv3_0_50.png,74250,75682,127,175,30633,2805,0,0,0,145,1234,181,394,698,0,8132,0,726,54818
15_points_GTv3_100_-100.png,42641,72442,652,0,15095,4481,0,0,0,58,692,565,0,23,0,38519,0,209,74623
15_points_GTv3_100_-150.png,39222,71131,0,0,9775,3553,0,0,0,19,225,65,290,452,0,47540,0,244,77484
15_points_GTv3_100_100.png,52804,46130,493,0,35076,2635,1222,0,0,0,1859,280,456,402,0,45576,0,249,62818
15_points_GTv3_100_150.png,76565,63475,1156,0,34741,2005,2162,156,0,0,874,50,115,587,3387,11841,0,52,52834
15_points_GTv3_150_-50.png,31307,37257,984,0,21284,2020,411,0,0,0,1144,344,169,738,1007,43911,0,476,108948
15_points_GTv3_150_0.png,33887,63830,0,0,3043,3166,628,0,0,0,488,0,555,1460,765,36521,0,421,105236
15_points_GTv3_150_50.png,36878,43277,688,0,27892,2346,1804,0,0,0,690,245,477,755,1074,64427,0,458,68989
15_points_GTv3_50_0.png,47980,22102,37,0,25654,3923,0,0,0,0,870,59,391,394,788,52392,0,120,95290
15_points_GTv3_50_50.png,62507,81131,862,265,27662,3603,0,0,0,261,1288,57,303,1016,331,0,0,353,70361
16_points_GTv3_-100_-100.png,57751,73693,0,132,25719,3348,0,0,0,82,601,145,96,737,2223,27320,0,662,57491
16_points_GTv3_-100_-200.png,72256,61473,697,1369,21946,1600,0,0,1340,335,524,0,0,796,911,0,0,1030,85723
16_points_GTv3_-100_-250.png,81017,12367,341,270,54021,1742,1468,0,0,354,1062,75,0,2790,3463,0,0,348,90682
16_points_GTv3_-100_-50.png,41395,76148,344,0,7608,1127,2284,0,0,0,0,0,0,409,0,0,0,1577,119108
16_points_GTv3_-100_50.png,84762,18733,133,301,87933,1731,2416,0,0,0,755,284,0,0,1025,23036,0,148,28743
16_points_GTv3_-150_0.png,55580,50054,0,0,12880,2743,4231,0,1841,0,667,127,0,479,1176,42036,0,450,77736
16_points_GTv3_-150_100.png,113550,7819,174,0,98929,2992,738,0,0,0,805,199,22,2665,4667,5874,0,99,11467
16_points_GTv3_-200_-100.png,40041,64595,387,1128,22955,2316,1204,0,0,0,1517,628,80,1080,6389,35495,0,876,71309
16_points_GTv3_-200_-150.png,87504,18477,285,2056,62557,2351,357,0,0,0,1652,451,108,572,4444,13989,0,108,55089
16_points_GTv3_-200_-200.png,112353,2957,147,2052,48914,0,1800,0,0,0,1858,393,0,273,10226,7746,0,10,61271
16_points_GTv3_-200_-50.png,61512,22624,0,0,11598,3967,3380,0,0,474,764,61,0,23,7842,43036,0,198,94521
16_points_GTv3_-200_200.png,42393,76510,1428,344,19336,1959,0,0,0,253,1408,439,0,0,0,23192,0,1477,81261
16_points_GTv3_-50_-100.png,80072,11635,98,497,47321,2769,1436,0,0,0,1139,15,0,455,3592,0,0,52,100919
16_points_GTv3_-50_-150.png,115514,19356,1033,609,82381,802,0,0,0,42,1573,147,0,2157,3178,0,0,160,23048
16_points_GTv3_-50_50.png,96697,10300,0,268,36691,5725,3110,0,1525,94,1251,352,394,1877,3674,8643,0,298,79101
16_points_GTv3_0_-100.png,34422,57506,82,0,26710,5482,0,0,0,0,67,0,0,86,2024,44608,0,810,78203
16_points_GTv3_0_-250.png,98799,25584,75,493,44310,3848,0,2096,0,259,1359,237,115,595,3868,0,0,40,68322
16_points_GTv3_0_-50.png,99229,13234,0,170,40525,5308,0,0,0,0,876,597,0,0,6052,43517,0,355,40137
16_points_GTv3_0_150.png,32636,82616,0,0,3455,5452,2911,0,0,0,623,91,53,21,0,43305,0,1931,76906
16_points_GTv3_0_200.png,88596,37425,0,1851,33912,1141,1469,0,0,99,2187,159,0,142,19,47056,0,383,35561
16_points_GTv3_100_-100.png,63356,26732,58,117,12707,7090,1987,0,0,284,1227,91,112,163,569,38177,0,309,97021
16_points_GTv3_100_-200.png,65729,60169,0,699,31725,3062,1048,0,0,0,1436,152,132,369,3159,26904,0,281,55135
16_points_GTv3_100_150.png,29227,90308,314,1145,14437,928,0,0,0,5,557,43,87,601,519,10559,0,1628,99642
16_points_GTv3_150_-200.png,32363,41853,282,58,20882,6112,878,0,0,0,1099,153,118,1226,5203,39813,0,555,99405
16_points_GTv3_150_150.png,31583,77439,131,280,20743,3974,0,0,0,0,933,217,287,505,1618,29727,0,1137,81426
16_points_GTv3_150_200.png,67294,16577,899,632,55753,1093,0,0,0,0,2778,269,176,199,8351,1513,0,447,94019
17_points_GTv3_-100_-150.png,12188,73709,0,0,0,772,0,0,0,0,0,214,0,0,2563,81712,0,1114,77728
17_points_GTv3_-100_-250.png,66610,20534,12,192,13956,4910,1929,0,2561,89,225,799,174,10,0,67218,0,258,70523
17_points_GTv3_-100_100.png,16187,118214,288,340,7186,4482,2622,0,0,0,0,56,86,522,0,57706,0,1337,40974
17_points_GTv3_-150_-50.png,11027,84495,166,317,0,854,3486,0,0,0,0,329,0,468,5902,65071,0,2241,75644
17_points_GTv3_-150_150.png,57747,46183,72,121,13978,2110,1129,0,0,306,17,715,479,733,2551,57567,0,370,65922
17_points_GTv3_-200_-250.png,76736,25183,0,0,26845,3736,2868,0,0,0,844,474,0,169,96,79712,0,329,33008
17_points_GTv3_-200_100.png,10081,93597,0,0,358,1786,2953,0,0,0,513,0,0,111,1653,59926,0,554,78468
17_points_GTv3_-250_100.png,93256,40075,455,274,40469,3277,2604,0,0,447,15,102,320,145,0,44103,0,452,24006
17_points_GTv3_-250_150.png,40469,69704,0,0,18079,1851,1625,6072,0,734,0,100,563,0,0,44823,0,0,65980
17_points_GTv3_-50_-50.png,21179,73541,0,0,19928,3725,1887,650,0,320,381,0,98,0,3170,85114,0,330,39677
17_points_GTv3_-50_0.png,45226,96768,54,0,17677,1328,0,0,0,510,0,0,0,1238,998,35352,0,1226,49623
17_points_GTv3_0_-100.png,43803,51634,506,178,41126,3357,687,0,2385,14,210,849,580,665,3537,22480,0,556,77433
17_points_GTv3_0_-150.png,109894,454,0,0,52947,4290,1118,0,3625,44,0,842,932,0,5085,41088,0,1,29680
17_points_GTv3_100_-150.png,52074,27912,348,1251,48902,5214,0,0,0,300,0,483,284,0,1170,52991,0,269,58802
17_points_GTv3_100_150.png,103784,0,849,1589,55361,1450,4131,0,0,676,0,715,158,0,0,0,0,0,81287
17_points_GTv3_100_200.png,137422,0,0,0,101060,2361,6752,0,0,413,0,1239,320,0,0,0,0,0,433
17_points_GTv3_150_-150.png,42571,43022,0,0,35589,2589,1059,0,0,0,353,365,87,0,7001,24735,0,344,92285
17_points_GTv3_150_-250.png,76401,54503,2075,543,23031,1190,0,0,0,321,258,292,145,3808,0,895,0,598,85940
17_points_GTv3_200_-100.png,82829,58851,484,144,36165,2531,1628,0,0,170,185,808,0,513,0,25153,0,684,39855
17_points_GTv3_200_-200.png,58877,5116,2531,323,26417,3052,456,0,0,567,320,632,391,1862,0,28718,0,40,120698
17_points_GTv3_50_150.png,73736,8829,473,812,44515,1894,4269,0,1550,677,38,678,462,441,0,0,0,0,111626
17_points_GTv3_50_200.png,73010,0,0,0,80448,701,2174,0,0,51,0,167,182,0,0,6153,0,0,87114
18_points_GTv3_-100_-100.png,78431,63024,276,0,32677,2516,0,0,0,448,396,227,344,0,0,8400,0,1004,62257
18_points_GTv3_-100_50.png,90477,19364,782,384,31887,6181,0,0,0,120,182,342,228,691,6944,41316,0,62,51040
18_points_GTv3_-150_200.png,62652,35205,1670,0,21803,2059,0,0,651,265,2260,230,400,1386,3182,0,0,0,118237
18_points_GTv3_-150_50.png,7426,89922,0,0,22656,2914,1204,0,0,0,219,90,70,0,0,47118,0,44,78337
18_points_GTv3_-200_-200.png,28037,47533,0,0,31596,8452,1179,0,1843,63,212,265,0,516,0,39908,0,22,90374
18_points_GTv3_-50_-150.png,64218,0,1124,1142,41215,2726,3590,0,0,517,1079,170,433,704,0,0,0,0,133082
18_points_GTv3_-50_-50.png,37845,82726,0,0,6569,2228,1246,0,0,0,485,433,240,0,1468,43008,0,351,73401
18_points_GTv3_-50_100.png,53942,60194,235,0,49673,1155,0,0,1373,445,1178,59,115,466,0,0,0,239,80926
18_points_GTv3_0_-100.png,51430,9011,816,1594,61116,1546,690,0,0,256,1154,38,268,438,1450,0,0,52,120141
18_points_GTv3_0_0.png,116341,14319,1172,175,68182,4489,266,0,0,109,1660,385,356,56,1207,0,0,197,41086
18_points_GTv3_0_50.png,30969,60037,0,0,6834,3660,133,0,0,0,168,828,0,0,0,45336,0,558,101477
18_points_GTv3_100_-200.png,93551,26691,181,781,57756,3300,1608,0,0,119,334,974,202,515,0,7965,0,658,55365
18_points_GTv3_100_100.png,52971,65852,609,277,17672,1994,0,0,0,398,584,165,189,685,0,43638,0,769,64197
18_points_GTv3_150_-50.png,38222,72699,78,232,14065,3676,0,0,0,179,1035,664,103,0,0,11971,0,141,106935
18_points_GTv3_150_0.png,70037,57992,438,183,32274,3077,224,0,0,603,1839,121,515,330,0,0,0,831,81536
18_points_GTv3_150_50.png,65214,20795,374,642,39601,1829,1420,0,1216,392,1489,361,258,1596,4486,0,0,340,109987
18_points_GTv3_200_-100.png,116538,0,238,4251,51167,790,1556,0,0,338,1644,0,519,266,0,0,0,0,72693
18_points_GTv3_50_-100.png,49979,55014,973,0,16123,1894,0,0,0,27,1156,265,144,1203,0,154,0,363,122705
18_points_GTv3_50_-250.png,100171,0,1306,951,33775,2933,0,0,0,14,1404,0,341,0,0,0,0,0,109105
18_points_GTv3_50_0.png,20612,76895,572,325,43611,3348,2580,0,0,356,526,535,0,0,0,0,0,414,100226
18_points_GTv3_50_200.png,84384,28355,2591,438,31727,342,0,0,0,125,2502,0,698,1340,3008,0,0,1272,93218
19_points_GTv3_-100_-100.png,18934,78120,0,0,17703,3888,0,0,0,0,148,277,0,0,8546,64055,0,332,57997
19_points_GTv3_-150_-150.png,12378,77604,0,0,0,945,1986,0,0,0,0,388,0,0,797,79274,0,349,76279
19_points_GTv3_-150_-50.png,27457,69170,327,273,10003,3199,0,0,0,451,0,342,0,718,498,67727,0,220,69615
19_points_GTv3_-150_50.png,5203,124505,0,0,2513,1642,2038,0,0,0,0,223,129,0,8322,26058,0,725,78642
19_points_GTv3_-200_-150.png,37419,79570,0,0,12362,0,0,0,0,0,0,163,125,0,16571,26430,0,798,76562
19_points_GTv3_-200_200.png,68613,5721,109,0,26690,2160,908,0,0,509,733,320,358,982,0,44361,0,18,98518
19_points_GTv3_-50_-100.png,19598,97358,0,0,15089,3396,0,0,0,187,0,321,193,110,6975,55586,0,554,50633
19_points_GTv3_0_-150.png,42089,64135,0,1226,28792,2170,2431,0,0,48,335,727,317,254,8473,30027,0,447,68529
19_points_GTv3_0_50.png,28530,106807,0,0,50260,2653,0,0,0,225,0,299,255,50,61,29254,0,367,31239
19_points_GTv3_100_100.png,9380,83787,0,0,0,2502,4079,0,0,0,446,154,70,0,0,82500,0,133,66949
19_points_GTv3_100_200.png,32955,125192,496,329,11398,1706,0,3459,0,404,0,734,923,0,0,3255,0,138,69011
1_points_GTv3_-200_-200.png,3652,187911,0,0,7082,994,0,0,0,142,0,50,0,157,0,0,0,878,49134
1_points_GTv3_-50_0.png,57152,3257,602,198,0,0,0,0,0,371,0,55,319,1270,0,0,0,25,186751
1_points_GTv3_50_-150.png,59229,94377,11,0,22774,435,1128,0,0,333,0,432,538,391,0,0,0,119,70233
20_points_GTv3_-100_-100.png,64842,59576,0,299,19911,3333,0,0,0,110,73,588,140,67,6687,53590,0,1060,39724
20_points_GTv3_-100_-50.png,80761,50384,310,0,65409,3552,0,0,0,155,2252,509,372,397,14178,12445,0,407,18869
20_points_GTv3_-100_0.png,62101,29952,456,0,29929,3271,2896,162,0,85,1657,275,525,680,1,35299,0,418,82293
20_points_GTv3_-100_200.png,73814,33695,174,0,42916,3965,0,883,0,395,1171,249,237,753,0,8855,0,106,82787
20_points_GTv3_-150_-50.png,16755,131979,0,0,12901,2508,103,0,0,0,0,429,458,0,4446,37824,0,1302,41295
20_points_GTv3_-250_-100.png,100975,28919,601,2350,45481,5458,3175,0,0,0,1495,90,505,2481,690,14539,0,69,43172
20_points_GTv3_-250_-250.png,138838,0,0,2823,66023,5989,0,0,0,686,1794,495,421,2053,0,30878,0,0,0
20_points_GTv3_-250_-50.png,84570,0,1426,1580,60517,6187,0,0,0,0,1858,632,821,545,184,28138,0,0,63542
20_points_GTv3_-250_100.png,47152,6080,0,435,44231,5500,2709,0,0,34,1358,201,489,3643,630,27628,0,732,109178
20_points_GTv3_-250_150.png,76044,21500,0,1522,48725,3880,0,0,2352,658,2428,675,401,1548,1560,1143,0,255,87309
20_points_GTv3_-250_50.png,127700,0,409,940,85542,2897,4823,0,0,0,2631,152,314,3382,0,19167,0,0,2043
20_points_GTv3_-50_200.png,42859,32738,626,0,11894,3895,1223,0,0,0,137,450,213,631,0,64345,0,338,90651
20_points_GTv3_0_-100.png,11430,27823,1514,292,28637,4211,1736,8986,0,451,1442,331,360,714,7045,29776,0,454,124798
20_points_GTv3_0_-200.png,67289,52731,965,0,32875,4031,1028,0,0,42,1483,126,169,461,14259,38817,0,718,35006
20_points_GTv3_0_0.png,22471,96261,136,210,23647,2942,0,0,0,0,460,184,28,995,2890,37798,0,1167,60811
20_points_GTv3_0_100.png,32943,58419,0,0,50359,1005,0,5567,0,30,1429,508,245,2520,10238,12300,0,508,73929
20_points_GTv3_0_150.png,38525,74673,557,2106,5405,2527,2756,0,0,141,463,597,30,1357,18986,36567,0,1094,64216
20_points_GTv3_0_200.png,78015,8098,0,0,53818,5056,3637,0,0,495,1398,140,401,78,8672,26762,0,14,63416
20_points_GTv3_0_50.png,44214,63144,224,0,11284,2643,5991,0,0,100,296,922,0,1535,2081,33732,0,729,83105
20_points_GTv3_100_150.png,51342,14239,325,0,49915,1422,867,12580,0,0,1454,60,483,7567,927,33369,0,74,75376
20_points_GTv3_150_200.png,33985,71273,157,565,42202,810,0,0,0,144,1526,710,194,901,0,23905,0,153,73475
20_points_GTv3_150_50.png,30078,3185,0,385,20039,4319,1225,0,0,517,530,699,207,1671,7804,17245,0,6,162090
20_points_GTv3_200_-100.png,99325,0,671,0,37305,4144,1737,0,0,215,1368,393,370,2707,379,7221,0,0,94165
20_points_GTv3_200_-50.png,58854,22933,0,0,33083,5051,1941,0,0,438,309,1071,230,583,414,33811,0,537,90745
20_points_GTv3_200_0.png,65433,89752,637,0,32050,775,0,0,0,308,1278,73,84,967,0,6096,0,606,51941
20_points_GTv3_200_100.png,75483,36311,50,144,84535,1804,522,0,0,192,1078,276,1503,5114,5209,14558,0,0,23221
20_points_GTv3_50_100.png,3937,95913,0,271,26912,4923,143,1390,0,64,323,193,371,0,15323,33549,0,1351,65337
21_points_GTv2_-200_50.png,126507,0,2623,0,119210,0,126,0,0,96,522,0,916,0,0,0,0,0,0
21_points_GTv2_200_100.png,153632,0,8882,0,85727,0,670,0,0,185,890,0,14,0,0,0,0,0,0
21_points_GTv3_-200_-200.png,66536,50695,305,0,18174,2866,0,0,0,97,778,679,495,420,2159,39494,0,300,67002
21_points_GTv3_-50_50.png,69946,49154,79,134,32119,4179,2675,0,0,0,1195,107,166,591,2603,33263,0,145,53644
21_points_GTv3_0_50.png,12094,117770,323,880,18198,1745,0,0,0,66,37,465,86,0,0,32439,0,278,65619
21_points_GTv3_100_-150.png,22212,39109,377,0,6908,2507,0,0,0,72,80,193,110,1024,6549,61191,0,193,109475
21_points_GTv3_100_-50.png,8291,110278,0,0,0,835,0,0,0,0,288,80,0,642,0,15157,0,320,114109
21_points_GTv3_150_-100.png,10511,89794,0,0,0,2616,1306,0,0,0,361,170,0,2006,0,39784,0,298,103154
21_points_GTv3_50_-150.png,13512,98034,8,0,1085,804,4129,0,0,0,0,142,0,46,0,53683,0,871,77686
21_points_GTv3_50_-200.png,70179,53004,410,839,27910,3222,0,0,0,203,90,465,0,340,1869,25116,0,510,65843
21_points_GTv3_50_0.png,5923,101546,0,0,1560,0,983,0,0,0,0,101,0,0,0,50372,0,1078,88437
21_points_GTv3_50_150.png,97096,23983,83,38,43456,2418,2857,0,0,157,393,888,50,0,0,51258,0,125,27198
22_points_GTv2_-150_100.png,134335,20665,0,804,86020,4458,2691,0,0,6,460,561,0,0,0,0,0,0,0
22_points_GTv2_-250_-50.png,134913,31659,883,2562,76231,2938,0,0,0,0,334,465,15,0,0,0,0,0,0
22_points_GTv2_150_-250.png,160336,0,1024,6121,77805,1743,1700,0,0,0,956,252,51,12,0,0,0,0,0
22_points_GTv2_150_100.png,88006,101347,672,968,57182,486,1083,0,0,0,41,172,8,35,0,0,0,0,0
22_points_GTv2_200_-50.png,155814,0,843,6416,83285,2341,186,0,0,0,666,396,36,17,0,0,0,0,0
22_points_GTv3_-100_-200.png,50816,38025,0,778,49274,1716,0,5585,0,0,0,162,365,751,3606,31931,0,24,66967
22_points_GTv3_-100_0.png,23414,54770,0,0,1174,2807,1041,0,0,0,0,120,0,0,0,63993,0,473,102208
22_points_GTv3_-100_150.png,42833,45052,130,0,13403,6638,1132,0,0,165,467,539,96,160,4911,60334,0,1395,72745
22_points_GTv3_-100_50.png,28223,54752,0,0,2550,3429,2850,0,0,0,0,0,174,336,0,59776,0,1246,96664
22_points_GTv3_-150_-50.png,63758,75055,269,0,19094,6501,7006,0,0,496,1310,141,101,318,3415,22181,0,386,49969
22_points_GTv3_-150_50.png,21756,99366,718,0,38,5004,0,0,0,500,1060,324,71,1001,0,23066,0,1022,96074
22_points_GTv3_-200_-50.png,7158,87477,0,126,26858,5303,3115,0,0,220,173,235,262,1774,1374,51020,0,826,64079
22_points_GTv3_-200_0.png,33425,59706,0,0,8041,2337,3100,0,0,0,0,65,0,0,3302,55045,0,462,84517
22_points_GTv3_-200_200.png,23999,35725,0,0,4023,4005,0,0,0,0,0,87,0,0,0,51096,0,235,130830
22_points_GTv3_-200_50.png,69590,47670,0,699,24077,651,3204,0,3347,392,329,112,329,1569,0,33747,0,331,63953
22_points_GTv3_-250_-150.png,140496,0,0,436,94077,861,4026,0,0,595,1520,315,129,472,7073,0,0,0,0
22_points_GTv3_-250_100.png,57264,48400,891,394,33165,4708,1630,0,0,0,789,744,272,673,0,36216,0,198,64656
22_points_GTv3_-50_-200.png,47653,92331,0,0,37859,2521,0,0,0,369,1634,243,0,342,0,0,0,624,66424
22_points_GTv3_-50_-50.png,20614,118978,0,0,7066,3713,0,0,0,110,818,277,281,1059,0,4316,0,733,92035
22_points_GTv3_0_-150.png,12020,87872,0,351,7842,2253,6655,0,0,114,241,77,224,219,0,30643,0,1296,100193
22_points_GTv3_0_-250.png,32171,21217,0,0,51831,5224,0,0,0,682,1148,1062,293,292,0,36775,0,328,98977
22_points_GTv3_0_-50.png,39139,79020,0,5,9341,2428,1146,0,0,286,1301,371,75,4430,0,0,0,366,112092
22_points_GTv3_0_50.png,43832,65334,1242,263,25043,3951,4666,0,0,494,1428,789,0,1531,675,27228,0,2823,70701
22_points_GTv3_100_150.png,62095,61745,268,488,31459,5561,0,0,0,88,728,369,0,954,0,40716,0,634,44895
22_points_GTv3_150_200.png,53670,18365,0,854,13010,5835,1586,2641,0,336,26,502,198,145,769,52206,0,112,99745
22_points_GTv3_150_50.png,41268,31982,0,0,15669,6152,1840,0,0,0,0,138,0,229,0,74924,0,95,77703
22_points_GTv3_200_-150.png,112900,0,0,991,52234,3180,5495,10757,0,229,586,749,243,480,0,26818,0,0,35338
22_points_GTv3_200_150.png,83975,30255,45,668,35268,2383,4389,3794,2835,44,1701,385,445,409,750,18061,0,42,64551
22_points_GTv3_50_-100.png,34321,71745,0,0,6700,4672,0,0,0,0,0,111,135,0,0,46509,0,733,85074
22_points_GTv3_50_-150.png,35617,81849,0,803,27788,2257,994,0,2113,108,539,280,373,1321,0,23551,0,571,71836
22_points_GTv3_50_-200.png,36005,77428,0,521,10533,2514,0,3732,0,0,0,40,154,0,0,22744,0,1032,95297
23_points_GTv2_-150_-250.png,136478,13883,323,2639,64971,2261,781,0,0,0,0,226,392,1384,0,26662,0,0,0
23_points_GTv2_150_200.png,134581,0,0,0,113895,600,0,0,0,42,0,767,115,0,0,0,0,0,0
23_points_GTv3_-100_-200.png,35973,86697,0,0,8101,6475,1151,796,0,156,136,503,0,1434,0,37202,0,590,70786
23_points_GTv3_-100_100.png,73972,0,54,18,42192,5251,3689,0,0,0,213,801,132,398,1985,18727,0,0,102568
23_points_GTv3_-100_200.png,30745,90317,762,29,45711,4147,2455,0,0,45,533,989,1098,372,0,0,0,452,72345
23_points_GTv3_-150_-100.png,21796,93714,0,0,1364,3504,1031,0,0,303,0,448,0,0,5274,7299,0,397,114870
23_points_GTv3_-150_-250.png,49179,44071,710,605,52852,2101,0,6024,0,0,694,917,0,0,6327,18798,0,34,67688
23_points_GTv3_-150_-50.png,58115,7004,0,463,17006,6489,3677,0,0,83,530,248,38,198,1457,69833,0,48,84811
23_points_GTv3_-150_0.png,3981,113110,0,829,9237,1961,0,0,0,0,915,832,40,0,4239,24595,0,192,90069
23_points_GTv3_-150_50.png,18741,108040,0,87,2529,4639,0,0,0,556,0,178,0,0,1736,38481,0,515,74498
23_points_GTv3_-200_-150.png,70986,45854,0,0,22562,7470,1053,0,0,150,0,649,217,176,934,34628,0,98,65223
23_points_GTv3_-200_-200.png,55706,63197,17,632,45471,1790,0,0,0,0,1063,151,131,0,6549,2414,0,464,72415
23_points_GTv3_-200_150.png,112597,0,1464,847,71277,1352,0,3887,0,29,887,372,199,0,0,30723,0,0,26366
23_points_GTv3_-200_200.png,85708,0,0,615,46134,6940,0,4087,0,473,727,57,99,1515,0,30853,0,0,72792
23_points_GTv3_-250_150.png,125033,0,1664,1135,86092,0,3545,918,1949,0,599,563,221,0,0,0,0,0,28281
23_points_GTv3_-250_200.png,84260,0,734,1713,98177,0,4196,13911,0,0,380,646,354,0,0,7232,0,0,38397
23_points_GTv3_-50_-250.png,65760,39528,629,0,14806,3981,1364,0,0,280,521,276,68,2765,1798,9958,0,564,107702
23_points_GTv3_-50_0.png,65486,43069,0,545,13055,3260,938,0,0,184,765,430,0,584,6783,34343,0,444,80114
23_points_GTv3_-50_100.png,11973,131942,0,546,12135,3738,216,0,0,0,99,167,51,0,0,38803,0,756,49574
23_points_GTv3_-50_200.png,110834,16812,532,162,63848,4692,1326,0,0,236,1459,344,130,49,0,12190,0,306,37080
23_points_GTv3_0_-200.png,798,146420,0,0,30066,973,485,0,0,55,167,243,72,0,2124,1200,0,1597,65800
23_points_GTv3_0_100.png,2151,107642,0,115,596,4686,0,0,0,0,348,392,163,0,3056,34918,0,1210,94723
23_points_GTv3_0_150.png,0,210782,0,364,10987,856,0,0,0,0,1,0,0,764,1043,0,0,843,24360
23_points_GTv3_100_-250.png,54198,34662,0,0,57722,3337,1657,0,0,0,827,369,0,0,1210,30316,0,133,65569
23_points_GTv3_100_0.png,29877,80072,0,0,2385,4566,3109,3516,0,46,252,241,0,112,4538,32053,0,534,88699
23_points_GTv3_200_-150.png,42479,0,1156,1483,48386,3389,1941,0,3455,0,765,724,197,0,461,22770,0,0,122794
23_points_GTv3_200_150.png,53522,20166,148,0,3007,6419,4771,0,0,98,0,1534,50,1537,2051,25841,0,210,130646
23_points_GTv3_200_50.png,75024,38692,16,1384,39712,2958,3855,0,0,0,953,81,0,0,1080,48956,0,142,37147
23_points_GTv3_50_-100.png,42753,112114,0,6,13056,3372,3472,0,0,85,150,142,11,1509,5885,0,0,632,66813
23_points_GTv3_50_-200.png,860,109834,0,0,0,2169,856,0,0,0,0,99,0,586,2349,34038,0,352,98857
23_points_GTv3_50_0.png,8895,159044,675,1927,35471,0,0,0,1672,0,701,291,0,0,2444,109,0,1500,37271
23_points_GTv3_50_100.png,29472,94547,0,579,12366,2302,0,0,0,0,552,522,0,0,0,46636,0,890,62134
24_points_GTv2_-250_-150.png,146326,0,11211,2767,68917,1029,1154,6870,0,36,117,89,334,0,346,10804,0,0,0
24_points_GTv2_-250_-200.png,109368,0,4128,5873,122127,4986,2180,0,0,51,266,203,23,795,0,0,0,0,0
24_points_GTv2_-250_200.png,116270,9757,9361,8240,100675,2113,2085,0,0,22,28,0,336,0,1113,0,0,0,0
24_points_GTv2_100_-100.png,68892,117401,2022,96,59700,945,0,0,0,0,93,0,0,0,851,0,0,0,0
24_points_GTv2_100_-250.png,129446,9590,0,0,67793,1368,1529,0,0,0,241,56,172,72,3834,35899,0,0,0
24_points_GTv2_100_150.png,90418,44848,19,0,66234,2490,4858,0,0,0,45,401,129,0,1329,39229,0,0,0
24_points_GTv2_150_150.png,98167,54636,658,0,83503,3845,2718,0,0,0,74,0,228,0,2053,4118,0,0,0
24_points_GTv2_200_100.png,132799,0,820,0,110094,443,2129,0,2244,0,320,40,271,0,840,0,0,0,0
24_points_GTv2_200_200.png,66452,0,6861,359,128031,2923,1350,0,6864,0,16344,9382,3051,8383,0,0,0,0,0
24_points_GTv2_50_-250.png,115376,22397,1208,1086,83738,579,109,0,0,7,0,56,595,0,2317,22532,0,0,0
24_points_GTv3_-100_-150.png,43328,73804,149,667,9589,1569,1930,0,0,382,455,288,60,580,0,45646,0,846,70707
24_points_GTv3_-100_100.png,41627,61731,213,527,4027,4587,1039,0,0,376,926,339,92,636,0,24951,0,220,108709
24_points_GTv3_-100_150.png,30708,58636,0,0,10432,3250,7596,0,0,109,826,647,349,497,0,41235,0,1669,94046
24_points_GTv3_-100_50.png,8294,79518,0,0,3026,1309,1430,0,0,0,0,336,241,0,54,41169,0,1877,112746
24_points_GTv3_-150_-250.png,66239,43775,1315,0,14249,3689,0,0,0,504,814,332,287,6363,0,4003,0,379,108051
24_points_GTv3_-150_-50.png,27280,80164,0,0,2614,2269,1025,0,0,0,26,0,0,0,1474,53847,0,483,80818
24_points_GTv3_-150_50.png,17930,53217,0,0,3183,2894,0,0,0,0,269,123,0,0,6252,31107,0,214,134811
24_points_GTv3_-200_-150.png,9912,96891,0,0,1252,0,0,0,0,0,0,145,56,0,0,15056,0,1032,125656
24_points_GTv3_-200_100.png,1008,160990,38,0,7118,191,0,0,0,118,188,170,0,0,0,5487,0,658,74034
24_points_GTv3_-50_-150.png,31439,64829,0,0,44009,6978,0,0,0,785,668,627,0,845,0,37820,0,961,61039
24_points_GTv3_-50_-50.png,33880,77611,0,358,24896,3258,0,0,0,326,1267,109,216,1101,8669,18375,0,547,79387
24_points_GTv3_-50_150.png,13743,90656,0,91,21674,2584,1397,0,0,330,411,219,241,1260,0,41585,0,1496,74313
24_points_GTv3_0_-100.png,13570,98081,342,147,23356,5254,0,0,0,196,1172,665,724,0,0,16369,0,369,89755
24_points_GTv3_0_-150.png,21418,77967,461,0,4062,883,0,0,0,0,420,0,302,24,0,3563,0,933,139967
24_points_GTv3_0_-200.png,36484,74354,159,134,14134,4255,0,0,0,209,451,176,0,0,409,34299,0,212,84724
24_points_GTv3_0_-50.png,10635,46453,0,0,2321,2088,1415,0,0,0,643,79,163,899,2581,77865,0,713,104145
24_points_GTv3_0_0.png,6385,132908,0,0,9395,2445,0,0,0,389,446,268,0,1718,0,19974,0,1994,74078
24_points_GTv3_100_-100.png,14808,118820,0,0,16829,3336,1117,0,0,97,388,221,0,0,0,44669,0,411,49304
24_points_GTv3_100_-200.png,1170,126518,0,0,0,1866,3362,0,0,0,0,4,0,0,0,50286,0,532,66262
24_points_GTv3_150_-150.png,10290,75303,389,0,2173,2571,0,0,2250,0,252,0,95,0,237,38031,0,1495,116914
24_points_GTv3_150_200.png,77453,3943,0,538,31915,5058,1260,0,0,807,446,1455,0,3951,0,31511,0,70,91593
24_points_GTv3_200_-200.png,37294,68871,0,0,4756,2455,0,0,0,355,327,442,62,172,0,28247,0,808,106211
24_points_GTv3_50_-100.png,8834,155878,0,0,6545,1228,3299,0,0,120,944,192,43,0,545,0,0,372,72000
24_points_GTv3_50_100.png,32986,90784,0,0,5493,4215,0,0,0,50,537,6,37,1262,1333,35847,0,733,76717
24_points_GTv3_50_150.png,39014,81715,0,0,6982,2595,1238,0,0,0,0,299,36,762,0,50965,0,927,65467
250_-100.png,50766,0,198928,0,0,0,0,0,0,0,0,0,0,306,0,0,0,0,0
25_points_GTv3_-100_-50.png,25717,71567,0,0,2077,4463,3364,0,0,113,0,328,0,0,0,50231,0,1329,90811
25_points_GTv3_-100_0.png,22611,90883,0,550,4640,1829,0,0,0,223,0,260,0,0,0,19382,0,464,109158
25_points_GTv3_-150_-150.png,74077,28075,218,0,29913,3386,0,2798,1997,36,736,270,0,414,0,33718,0,761,73601
25_points_GTv3_-150_-50.png,361,106480,0,99,7621,2888,2242,0,1209,0,676,45,0,158,0,0,0,1359,126862
25_points_GTv3_-150_100.png,53345,35163,933,736,7488,2053,2464,3411,0,376,751,205,0,119,160,31373,0,115,111308
25_points_GTv3_-150_200.png,27579,31701,747,1403,9885,6817,1317,0,0,185,680,134,0,0,0,21700,0,352,147500
25_points_GTv3_-200_-100.png,71676,31237,1030,414,49273,3165,0,0,0,84,923,0,41,1246,7851,0,0,479,82581
25_points_GTv3_-200_-50.png,32709,72485,1520,0,6962,2136,6005,0,0,319,0,107,0,0,4845,0,0,100,122812
25_points_GTv3_-250_-100.png,103561,508,628,2901,54465,0,1098,0,0,0,1266,54,57,72,6353,16505,0,0,62532
25_points_GTv3_-250_-50.png,41116,87662,92,0,42773,1293,0,0,0,244,998,244,0,606,1052,0,0,0,73920
25_points_GTv3_-250_150.png,89230,28650,947,0,36534,2986,2533,0,0,244,820,0,0,0,3086,24514,0,672,59784
25_points_GTv3_-50_-100.png,23214,80068,0,0,3401,1057,77,0,0,0,0,195,0,0,378,34602,0,209,106799
25_points_GTv3_-50_-150.png,95941,0,40,2189,36155,4049,8168,0,0,237,1411,200,178,244,0,0,0,0,101188
25_points_GTv3_-50_-50.png,8825,51945,253,0,6202,3471,4780,0,0,217,10,214,0,0,0,33900,0,151,140032
25_points_GTv3_0_100.png,10321,101336,0,0,1395,0,250,0,0,0,0,8,0,0,0,25180,0,720,110790
25_points_GTv3_0_150.png,8710,77926,0,0,1527,1776,5537,0,0,0,0,288,0,0,0,20252,0,463,133521
25_points_GTv3_0_50.png,18311,71240,0,0,0,1288,2788,0,0,27,0,78,0,0,117,23826,0,686,131639
25_points_GTv3_100_-200.png,117458,0,358,0,63391,1179,0,0,0,100,1959,0,83,2623,0,0,0,0,62849
25_points_GTv3_100_0.png,30402,108520,298,0,5566,4041,0,124,0,0,164,97,0,0,0,15112,0,361,85315
25_points_GTv3_100_150.png,36867,37165,0,0,1099,2022,1414,0,0,39,0,334,0,0,0,34630,0,455,135975
25_points_GTv3_100_50.png,12668,109268,44,556,29168,2252,0,0,0,91,247,0,76,506,0,0,0,588,94536
25_points_GTv3_200_0.png,75703,44508,1205,618,26128,2720,1225,0,0,122,620,172,0,0,1511,0,0,68,95400
25_points_GTv3_50_-50.png,17787,84434,215,0,4549,2922,990,0,0,7,292,171,83,1345,3186,33449,0,774,99796
25_points_GTv3_50_0.png,21686,94508,316,1154,20972,1383,0,0,0,85,840,0,106,0,1650,0,0,379,106921
25_points_GTv3_50_100.png,15899,61825,0,418,4631,6651,0,0,0,70,0,44,0,0,0,61572,0,342,98548
28_points_GTv2_-100_-250.png,141016,0,1567,12391,88715,3002,1354,0,698,4,294,0,2,957,0,0,0,0,0
28_points_GTv2_-200_-100.png,150547,9,0,542,89150,4050,0,0,0,6,213,109,97,3282,1995,0,0,0,0
28_points_GTv2_-200_0.png,109559,51178,0,4076,61473,592,0,0,0,11,387,427,74,1262,0,20961,0,0,0
28_points_GTv2_-250_-100.png,137331,29,0,388,107166,1309,0,0,0,17,554,59,48,3099,0,0,0,0,0
28_points_GTv2_-50_-100.png,105164,47147,0,1685,80103,1095,270,0,0,0,200,143,0,1877,492,11824,0,0,0
28_points_GTv2_0_200.png,130455,9872,0,586,101597,1986,0,0,0,104,736,48,92,4524,0,0,0,0,0
28_points_GTv2_100_-200.png,159353,0,0,998,81700,3731,0,0,0,77,668,22,69,3382,0,0,0,0,0
28_points_GTv2_100_-250.png,147305,0,0,12258,86264,2395,0,0,0,0,594,0,7,1177,0,0,0,0,0
28_points_GTv2_100_150.png,104605,42872,39,8693,82610,755,1153,0,0,0,213,0,3,275,2571,6211,0,0,0
28_points_GTv2_150_-200.png,127885,30784,0,0,87808,1624,0,0,0,4,509,70,148,1168,0,0,0,0,0
28_points_GTv2_150_-250.png,110363,23919,0,3327,104647,587,0,4626,0,12,884,0,0,1635,0,0,0,0,0
28_points_GTv2_150_200.png,59778,0,0,20906,162178,3358,0,0,0,0,793,0,6,2981,0,0,0,0,0
28_points_GTv2_200_-50.png,132463,11520,0,5235,74057,2422,0,0,0,13,265,665,30,504,0,22826,0,0,0
28_points_GTv2_200_0.png,148000,9386,0,6294,82400,2408,0,0,0,0,678,0,35,799,0,0,0,0,0
28_points_GTv2_200_100.png,150122,3559,0,1349,85750,4348,0,0,0,11,861,70,50,3880,0,0,0,0,0
28_points_GTv2_50_100.png,136287,200,169,16501,93890,1439,0,0,0,5,641,0,19,849,0,0,0,0,0
29_points_GTv2_-200_100.png,95342,83258,6958,0,52110,0,993,0,0,0,0,320,0,472,4537,6010,0,0,0
29_points_GTv2_-250_0.png,131482,30232,8419,4911,62108,1043,428,7832,0,32,0,96,0,2504,0,913,0,0,0
29_points_GTv2_-50_-250.png,150091,0,6803,5668,76030,2096,854,6778,0,0,8,371,0,1301,0,0,0,0,0
29_points_GTv2_100_200.png,98534,69334,366,0,51192,0,2805,0,0,0,0,583,87,29,0,27070,0,0,0
29_points_GTv2_200_0.png,113616,60243,839,2903,65963,416,188,5598,0,26,47,161,0,0,0,0,0,0,0
29_points_GTv2_200_100.png,115374,10069,2194,6624,101542,973,4803,0,0,39,7,499,0,63,7813,0,0,0,0
2_points_GTv2_-200_50.png,19749,184464,0,867,36362,950,132,0,0,0,0,0,0,0,0,7476,0,0,0
2_points_GTv2_0_-150.png,132321,0,955,2089,62879,4017,1171,0,0,0,0,429,38,0,0,46101,0,0,0
2_points_GTv2_0_50.png,133405,0,4672,6895,66079,3321,842,0,0,5,0,63,13,97,0,34608,0,0,0
2_points_GTv2_50_100.png,74793,116956,1213,1321,50221,2714,1479,0,0,0,0,202,5,34,0,1062,0,0,0
2_points_GTv2_50_50.png,61744,126678,1793,3992,30295,1068,0,0,0,0,0,43,0,0,0,24387,0,0,0
2_points_GTv3_-100_-50.png,43664,61954,0,4985,12958,2094,2180,0,6356,595,0,0,96,0,13128,0,0,381,101609
2_points_GTv3_-150_-150.png,18405,110309,0,0,11593,402,94,0,0,56,909,0,218,0,2476,4358,0,809,100371
2_points_GTv3_-150_-250.png,51424,48187,0,2574,8151,5100,0,0,3972,279,615,138,53,0,0,59777,0,385,69345
2_points_GTv3_-200_-100.png,79,130112,0,0,13337,3549,1076,0,0,135,767,0,21,0,5678,0,0,1128,94118
2_points_GTv3_-200_-150.png,21456,80515,0,535,16065,1365,962,0,2252,0,1728,0,161,0,6753,14158,0,637,103413
2_points_GTv3_-200_-200.png,44174,50169,0,0,34945,2166,4386,0,0,95,7,119,176,553,1717,58760,0,493,52240
2_points_GTv3_-200_-50.png,13527,153124,0,0,7800,29,1292,0,0,0,309,111,0,0,3209,33878,0,181,36540
2_points_GTv3_-200_100.png,4164,87414,0,0,1682,3898,753,0,0,0,296,0,146,0,2282,94703,0,1336,53326
2_points_GTv3_-250_-200.png,45905,95866,186,462,16064,3940,2854,0,0,53,0,73,83,873,0,7938,0,475,75228
2_points_GTv3_-50_0.png,47521,60161,0,530,15070,4867,232,0,0,148,1597,0,575,31,8886,35847,0,1095,73440
2_points_GTv3_-50_50.png,18945,91296,0,0,130,0,0,0,0,0,306,0,0,0,11363,0,0,756,127204
2_points_GTv3_0_-200.png,12155,77614,0,0,631,1644,0,0,0,0,0,0,0,0,8507,17421,0,438,131590
2_points_GTv3_100_0.png,2331,150513,0,0,0,1176,0,0,0,0,0,0,0,0,1552,3287,0,515,90626
2_points_GTv3_100_100.png,53008,36323,575,1962,18309,3646,1731,0,0,308,168,0,0,108,10764,42035,0,352,80711
2_points_GTv3_100_150.png,34052,26901,951,629,0,2692,0,8272,0,581,0,55,0,11,5709,80705,0,344,89098
2_points_GTv3_200_100.png,29955,29229,0,0,4348,2322,4754,0,0,0,1168,151,49,0,5351,32533,0,315,139825
2_points_GTv3_50_-100.png,35495,61626,0,530,8438,3160,2465,0,0,156,1160,48,59,0,2,60967,0,526,75368
2_points_GTv3_50_0.png,33182,47707,0,0,3579,3305,0,0,0,0,0,264,0,0,4799,78415,0,511,78238
2_points_GTv3_50_100.png,26815,79427,0,152,17920,1534,4758,0,0,350,208,0,129,0,5917,19089,0,309,93392
3_points_GTv3_-100_50.png,6144,79016,0,0,2962,6962,2337,0,0,0,0,0,0,0,0,99105,0,591,52883
3_points_GTv3_-200_-50.png,26035,17808,0,0,783,3115,0,0,0,389,1303,246,0,2086,0,131413,0,199,66623
3_points_GTv3_-200_0.png,20597,37692,0,0,1494,1683,0,0,0,415,1482,378,0,0,0,132496,0,396,53367
3_points_GTv3_0_-100.png,80,83904,0,0,0,3610,0,0,0,0,0,424,0,0,0,125471,0,474,36037
3_points_GTv3_200_-100.png,11557,46568,0,0,132710,2327,0,0,0,0,0,21,0,0,0,55811,0,73,933
3_points_GTv3_200_-200.png,97624,0,0,0,51894,0,0,0,0,443,252,0,0,0,0,6026,0,0,93761
3_points_GTv3_200_-50.png,23990,63301,0,0,58846,1789,0,0,0,0,0,618,0,0,0,101292,0,27,137
3_points_GTv3_200_150.png,16849,1467,0,0,111790,1419,4015,0,0,0,0,162,0,0,0,70874,0,0,43424
3_points_GTv3_200_200.png,5672,0,0,0,223096,0,262,0,0,0,0,0,0,0,0,20970,0,0,0
3_points_GTv3_50_150.png,833,79990,0,0,1575,2763,1065,439,0,0,0,224,0,0,0,109127,0,370,53614
4_points_GTv2_-100_-150.png,142833,34368,97,749,69287,876,260,0,0,18,131,261,0,1120,0,0,0,0,0
4_points_GTv2_-200_200.png,112239,61925,69,4035,69559,1499,0,0,0,39,45,78,0,512,0,0,0,0,0
4_points_GTv2_-250_-150.png,108497,21774,324,0,96341,1862,0,0,0,234,0,449,0,541,247,19731,0,0,0
4_points_GTv2_-250_-50.png,127905,2956,512,764,109629,427,2364,0,0,194,156,70,37,4986,0,0,0,0,0
4_points_GTv2_0_100.png,160103,0,1486,5984,77990,1887,1808,0,0,0,138,147,0,414,43,0,0,0,0
4_points_GTv2_150_-100.png,127687,33523,816,363,79175,336,864,0,0,55,27,267,0,4679,2208,0,0,0,0
4_points_GTv2_150_-250.png,150446,10514,561,2719,77090,2769,0,2728,9,488,471,45,41,1413,0,706,0,0,0
4_points_GTv2_200_-250.png,123538,32316,662,2067,61641,4107,1416,0,0,59,145,646,154,993,253,22003,0,0,0
4_points_GTv2_200_150.png,126037,19079,3151,960,87922,0,5485,3744,0,873,0,1111,0,669,969,0,0,0,0
4_points_GTv2_50_-150.png,132537,11517,69,354,78466,0,2854,0,446,4,148,945,0,348,1707,20605,0,0,0
4_points_GTv2_50_-250.png,137790,16053,398,2212,91154,0,709,0,0,287,231,205,0,650,311,0,0,0,0
4_points_GTv2_50_200.png,148953,0,1249,3666,88552,263,0,5262,641,0,55,507,0,852,0,0,0,0,0
4_points_GTv3_-100_-150.png,14508,85373,0,0,4952,0,148,0,0,0,0,536,0,0,0,119908,0,507,24068
4_points_GTv3_-100_50.png,28341,44487,0,0,2539,2658,1087,0,5594,0,0,109,0,0,3054,94821,0,18,67292
4_points_GTv3_-200_100.png,25237,65276,0,0,27031,4796,0,0,0,0,0,60,0,294,0,119863,0,356,7087
4_points_GTv3_-250_0.png,23563,1553,0,0,139632,3233,0,0,69,0,0,669,0,0,0,77425,0,20,3836
4_points_GTv3_-50_-100.png,18499,95966,0,0,24748,1049,0,0,0,0,0,218,0,0,0,70977,0,926,37617
4_points_GTv3_-50_0.png,23142,46004,0,0,1484,5732,326,0,0,140,0,110,0,0,0,117678,0,269,55115
4_points_GTv3_100_-100.png,4305,78109,0,0,3015,2551,1195,0,0,0,0,890,0,1428,0,111933,0,348,46226
4_points_GTv3_100_-50.png,778,80973,0,0,15485,1553,0,0,0,0,0,0,0,0,0,86673,0,467,64071
4_points_GTv3_100_0.png,5915,73059,0,0,3279,0,4112,0,0,0,0,222,0,0,0,131578,0,577,31258
4_points_GTv3_100_150.png,9376,40277,0,0,1971,4541,2439,0,0,0,0,190,0,0,0,157694,0,71,33441
4_points_GTv3_50_-50.png,11636,73327,7,0,91150,3560,0,0,0,0,0,319,0,0,0,52707,0,473,16821
50_250.png,52196,0,197804,0,0,0,0,0,0,0,0,0,0,0,0,0,0,0,0
5_points_GTv3_-150_150.png,47844,76632,0,0,17250,1009,1073,0,2630,0,0,158,0,193,0,39095,0,0,64116
5_points_GTv3_-150_200.png,31292,51014,0,0,108965,1417,771,0,0,0,0,0,0,0,0,34887,0,6,21648
5_points_GTv3_-200_-50.png,32718,57875,0,0,5680,3377,195,0,0,0,0,486,0,0,0,79639,0,270,69760
5_points_GTv3_-200_150.png,55134,37920,0,0,13092,5975,1158,0,2190,0,0,103,0,2116,0,66688,0,437,65187
5_points_GTv3_-250_-100.png,60607,45742,712,0,72350,0,0,0,0,0,0,0,0,4953,0,0,0,414,65222
5_points_GTv3_-250_-50.png,16451,837,0,0,151889,2605,0,0,0,0,0,98,0,0,0,50852,0,71,27197
5_points_GTv3_-50_-50.png,14010,69761,0,0,27459,222,1288,0,0,0,0,90,0,0,5027,61686,0,1011,69446
5_points_GTv3_-50_0.png,3599,145965,0,0,36156,0,0,0,0,198,443,0,0,206,0,24330,0,1205,37898
5_points_GTv3_-50_150.png,22634,71951,0,0,1808,3916,3649,0,0,0,0,156,0,0,0,77772,0,1193,66921
5_points_GTv3_0_-200.png,44009,43206,0,341,75521,1902,0,0,0,0,0,0,0,0,0,66775,0,155,18091
5_points_GTv3_0_0.png,46013,21688,0,0,96241,3773,0,0,0,145,270,394,0,138,204,47242,0,62,33830
5_points_GTv3_100_100.png,40003,56332,182,0,111341,0,0,0,0,149,1224,0,0,0,1087,4999,0,467,34216
5_points_GTv3_100_150.png,12030,116545,0,0,25450,0,3828,0,0,0,0,0,0,0,0,40509,0,1330,50308
5_points_GTv3_150_0.png,57054,40116,0,0,141606,326,3320,0,0,0,0,0,0,0,1275,0,0,252,6051
5_points_GTv3_200_200.png,28481,1602,0,0,199109,0,0,0,0,0,0,0,0,0,0,0,0,177,20631
5_points_GTv3_50_-200.png,14093,90200,0,21,48663,2082,0,0,0,0,0,49,91,0,0,45506,0,1185,48110
5_points_GTv3_50_100.png,9909,122976,0,0,1782,1972,108,0,0,0,0,0,10,0,0,33543,0,608,79092
6_points_GTv2_-100_-100.png,124100,6780,3287,3964,73620,4734,0,0,0,0,92,343,94,328,10338,22320,0,0,0
6_points_GTv2_-100_200.png,83222,35265,5820,5810,110987,0,0,0,556,0,191,804,959,1236,5150,0,0,0,0
6_points_GTv2_-200_-250.png,84018,10818,8459,3624,126917,998,1249,0,929,7,0,179,66,586,12150,0,0,0,0
6_points_GTv2_-200_50.png,113195,20546,2802,6692,94177,456,963,0,0,31,64,114,346,1522,9092,0,0,0,0
6_points_GTv2_-250_-250.png,115467,3324,495,4659,92062,4214,0,0,0,0,159,247,29,637,231,28476,0,0,0
6_points_GTv2_-50_-200.png,118833,55029,3138,2037,52953,1731,0,0,0,0,170,259,214,498,7445,7693,0,0,0
6_points_GTv2_-50_100.png,120304,41298,1240,5694,67365,1781,674,0,0,12,284,452,161,269,10466,0,0,0,0
6_points_GTv2_0_-200.png,100724,26438,0,2770,73086,1946,0,0,0,0,49,389,368,433,9190,34607,0,0,0
6_points_GTv2_0_-250.png,127399,11762,642,3576,66877,2017,1246,0,0,0,0,611,43,123,4096,31608,0,0,0
6_points_GTv2_0_0.png,113601,33058,50,2578,61891,1765,0,0,0,2,8,641,259,70,4026,32051,0,0,0
6_points_GTv2_100_-50.png,100810,57683,1116,1696,68005,3524,0,0,0,0,117,380,689,299,6575,9106,0,0,0
6_points_GTv2_100_100.png,115683,0,863,3900,69783,361,3682,0,0,13,0,258,113,580,0,54764,0,0,0
6_points_GTv2_150_-100.png,104326,1858,5096,4870,87596,884,0,0,889,0,0,169,114,378,8979,34841,0,0,0
6_points_GTv2_150_-150.png,134723,1090,5547,7553,92020,2048,0,0,217,138,149,504,95,2535,3381,0,0,0,0
6_points_GTv2_150_-200.png,146764,716,1769,3431,80083,3886,14,0,0,25,148,421,466,596,680,11001,0,0,0
6_points_GTv2_150_-250.png,146885,0,3353,5426,86989,1251,1916,0,0,17,179,225,239,3445,0,75,0,0,0
6_points_GTv2_150_0.png,131811,686,4162,3637,88422,3057,198,0,0,0,38,215,149,2420,6114,9091,0,0,0
6_points_GTv2_150_200.png,101539,0,6699,3416,86792,4313,0,0,0,37,53,716,546,795,5842,39252,0,0,0
6_points_GTv2_200_-150.png,135547,0,11489,6773,88777,77,5074,0,0,0,0,60,261,1942,0,0,0,0,0
6_points_GTv2_200_-250.png,105454,0,8312,3181,124249,1414,652,0,0,153,19,114,101,5531,0,820,0,0,0
6_points_GTv2_200_-50.png,146533,5099,4107,2619,73146,69,1425,0,0,1,0,370,268,2773,0,13590,0,0,0
6_points_GTv2_200_0.png,152089,29,735,8705,85300,1350,291,0,0,0,228,496,179,598,0,0,0,0,0
6_points_GTv2_50_-150.png,112641,41777,7783,1580,58316,959,2010,0,0,10,0,253,175,685,12826,10985,0,0,0
6_points_GTv2_50_-200.png,106208,30562,1636,4920,69229,1113,2078,0,0,0,0,363,37,916,6730,26208,0,0,0
6_points_GTv3_-100_-150.png,20817,141021,0,0,20021,2015,0,0,0,0,0,21,0,0,0,35101,0,241,30763
6_points_GTv3_-100_-200.png,18922,115693,362,0,63737,486,0,0,0,0,0,0,0,0,0,2126,0,885,47789
6_points_GTv3_-150_-150.png,0,168987,0,0,13129,1859,0,0,0,0,0,0,0,0,0,49104,0,1580,15341
6_points_GTv3_-250_200.png,76129,0,0,0,121635,1808,0,0,3020,0,0,0,24,0,0,25105,0,0,22279
6_points_GTv3_-250_50.png,120180,0,16,106,74528,2215,2922,3806,1550,0,0,0,0,0,0,20358,0,0,24319
6_points_GTv3_-50_-250.png,74040,47720,96,0,39289,1412,2546,0,0,0,0,759,0,0,772,62092,0,490,20784
6_points_GTv3_0_0.png,75516,40643,303,0,34936,3170,4350,0,0,0,0,0,0,0,5115,42653,0,335,42979
6_points_GTv3_100_-150.png,0,201727,0,0,12557,0,267,0,0,0,0,0,0,0,0,0,0,2777,32672
6_points_GTv3_100_-200.png,28446,101221,0,700,54032,3172,0,0,0,302,0,0,0,0,0,0,0,500,61627
6_points_GTv3_150_-100.png,49066,38941,0,0,109366,0,0,0,0,449,1565,0,0,0,0,0,0,4600,46013
6_points_GTv3_150_-150.png,115924,30528,0,0,60983,4433,5030,0,0,0,0,0,0,0,0,0,0,1730,31372
6_points_GTv3_200_-100.png,59944,1377,0,0,109115,0,0,0,0,468,1839,196,0,0,0,21006,0,75,55980
6_points_GTv3_200_-150.png,22564,3624,0,0,223161,0,0,0,0,0,0,0,0,333,0,0,0,24,294
7_points_GTv2_-250_-150.png,118879,31458,0,7801,86809,3117,3,0,0,436,0,1172,107,218,0,0,0,0,0
7_points_GTv2_-250_0.png,149289,0,0,8315,76268,2246,910,0,0,217,0,540,484,1115,0,10616,0,0,0
7_points_GTv2_100_100.png,129094,45974,0,4127,61343,3876,24,0,0,84,92,253,111,3137,0,1885,0,0,0
7_points_GTv2_100_200.png,110645,35019,0,1958,73022,2804,0,0,0,27,0,863,69,1659,0,23934,0,0,0
7_points_GTv2_150_-200.png,109493,38821,244,3558,91488,3089,0,0,0,53,278,880,198,300,1598,0,0,0,0
7_points_GTv2_150_200.png,122178,0,0,4964,97268,7358,0,0,0,242,142,923,19,1366,0,15540,0,0,0
7_points_GTv2_200_0.png,131888,26221,0,7904,78992,963,676,0,0,60,335,519,2287,155,0,0,0,0,0
7_points_GTv2_50_-250.png,131579,888,1636,1079,73287,536,618,4191,0,0,95,1279,84,874,0,33854,0,0,0
7_points_GTv2_50_200.png,136500,18794,1082,3851,85608,1016,1212,0,0,127,193,1401,201,15,0,0,0,0,0
7_points_GTv3_-100_100.png,21278,65245,0,0,151108,0,0,4926,0,0,0,0,0,0,38,0,0,393,7012
7_points_GTv3_-100_150.png,779,131498,0,0,104432,0,0,0,25,0,0,0,0,0,0,0,0,858,12408
7_points_GTv3_-100_50.png,6072,87875,0,220,117256,0,0,0,0,0,0,0,0,0,0,0,0,2010,36567
7_points_GTv3_-150_-50.png,10203,97617,0,0,1650,3391,1347,0,0,0,0,183,0,0,0,38228,0,1248,96133
7_points_GTv3_-150_100.png,16280,88159,422,0,122348,0,0,0,0,0,0,0,0,0,993,0,0,141,21657
7_points_GTv3_-150_150.png,19473,28868,0,0,162411,532,0,0,2516,0,0,0,0,0,920,0,0,382,34898
7_points_GTv3_-250_-100.png,50928,14179,0,0,181874,0,0,0,0,0,0,0,0,0,0,0,0,5,3014
7_points_GTv3_-250_100.png,62509,12999,0,0,80412,0,0,0,0,240,921,410,562,0,0,0,0,0,91947
7_points_GTv3_-250_150.png,33,38281,0,0,211501,0,0,0,0,0,0,0,0,0,0,0,0,173,12
7_points_GTv3_-250_200.png,77980,30447,0,0,107467,2107,0,0,0,0,0,113,161,0,0,24394,0,22,7309
7_points_GTv3_-50_50.png,488,33678,0,0,198217,0,0,0,0,0,0,0,0,0,0,0,0,125,17492
7_points_GTv3_0_-100.png,22940,107207,0,0,0,0,0,0,0,0,0,0,0,1897,1140,0,0,685,116131
7_points_GTv3_0_-50.png,21969,61966,0,0,0,0,0,0,0,0,0,0,0,2767,4918,0,0,402,157978
7_points_GTv3_100_50.png,35660,0,0,0,4106,4130,3271,0,0,0,0,381,0,0,0,105808,0,0,96644
7_points_GTv3_150_100.png,32945,42816,0,0,866,4319,0,0,0,0,0,353,0,0,0,71090,0,478,97133
7_points_GTv3_200_-200.png,42833,0,0,0,9091,2560,21,0,0,0,0,1023,349,1761,0,28894,0,0,163468
7_points_GTv3_200_150.png,29780,86373,0,0,73168,881,0,0,1405,0,0,300,0,0,0,15212,0,403,42478
7_points_GTv3_200_200.png,50507,11315,0,0,89057,2940,0,294,128,0,0,69,0,0,0,63994,0,2,31694
8_points_GTv2_-200_200.png,116597,34579,1023,604,75243,378,0,0,0,129,323,43,179,514,0,20388,0,0,0
8_points_GTv2_-250_-100.png,124956,38395,328,4388,61844,1912,2749,0,0,201,131,651,204,671,0,13570,0,0,0
8_points_GTv2_-250_-250.png,163385,0,1232,2815,80818,1124,0,0,0,2,419,55,11,139,0,0,0,0,0
8_points_GTv2_-250_-50.png,107623,17868,259,148,88946,3641,3608,0,0,13,262,1097,111,457,0,25967,0,0,0
8_points_GTv2_-250_0.png,133944,18149,0,0,65117,1420,2264,0,0,83,553,191,464,780,0,27035,0,0,0
8_points_GTv2_100_50.png,110889,17328,56,2994,81833,4535,718,0,0,56,145,488,174,404,2103,28277,0,0,0
8_points_GTv2_150_-250.png,144057,5710,4017,4180,85161,832,0,0,0,105,1105,575,137,2481,1640,0,0,0,0
8_points_GTv2_200_100.png,139992,11031,1266,1086,70623,4355,0,0,0,42,389,242,570,701,1529,18174,0,0,0
8_points_GTv3_-100_-200.png,104005,13077,0,206,63023,1217,476,0,0,28,627,321,0,0,0,25259,0,19,41742
8_points_GTv3_-100_100.png,85894,58660,0,0,38261,1606,2330,0,0,0,0,335,443,0,1732,3016,0,1410,56313
8_points_GTv3_-150_-100.png,35017,71915,0,0,15114,953,2640,0,0,0,0,329,0,0,0,10595,0,527,112910
8_points_GTv3_-200_-250.png,96462,0,0,0,148075,0,0,0,0,0,0,286,370,1989,0,0,0,0,2818
8_points_GTv3_-200_-50.png,66626,13413,0,0,109555,591,2206,0,0,0,419,69,0,717,0,14142,0,187,42075
8_points_GTv3_-200_100.png,31445,77864,0,0,533,0,1443,0,0,809,2404,0,0,0,0,0,0,0,135502
8_points_GTv3_-250_150.png,96566,0,156,0,86304,0,432,0,0,782,1526,138,0,0,0,22055,0,0,42041
8_points_GTv3_-50_-250.png,63532,335,0,260,65320,687,0,0,0,1361,1741,195,0,0,0,18874,0,0,97695
8_points_GTv3_-50_200.png,126709,144,177,0,73678,2282,1435,0,0,0,0,255,21,0,0,38876,0,0,6423
8_points_GTv3_0_-100.png,30813,29538,0,0,96629,0,0,0,0,649,2427,0,0,0,577,21,0,246,89100
8_points_GTv3_100_-100.png,42865,12642,0,0,3624,1792,0,8310,3384,0,0,361,0,601,2566,41046,0,48,132761
8_points_GTv3_200_50.png,72831,49256,0,6,66309,0,0,0,0,0,6,181,90,2474,0,0,0,1032,57815
9_points_GTv2_-100_-250.png,128114,22463,1804,1847,64702,924,0,0,1029,12,8,401,0,251,0,28445,0,0,0
9_points_GTv2_-200_150.png,113523,52122,0,1584,66877,296,192,0,0,0,0,414,0,0,585,14407,0,0,0
9_points_GTv2_-50_-250.png,117947,46473,1177,297,77996,1597,612,0,0,61,201,244,6,1948,1434,7,0,0,0
9_points_GTv2_-50_0.png,117476,57117,2883,0,55976,1123,0,0,0,0,0,771,3,0,1155,13496,0,0,0
9_points_GTv3_-150_-250.png,68267,4695,0,0,107980,3382,3262,0,0,101,0,776,0,0,0,28863,0,101,32573
9_points_GTv3_-150_0.png,33346,60473,14,0,36659,366,4543,0,0,0,218,521,434,0,1321,41369,0,865,69871
9_points_GTv3_-150_200.png,31078,13220,0,0,2537,3016,0,0,0,0,0,0,0,509,0,20326,0,280,179034
9_points_GTv3_-200_0.png,70066,16726,0,0,97785,2865,7,0,0,0,0,40,36,1484,2900,22951,0,14,35126
9_points_GTv3_-250_-100.png,70970,23184,0,0,35979,1351,0,0,0,0,0,249,1351,0,4614,0,0,248,112054
9_points_GTv3_-250_-150.png,35628,20665,0,0,26373,1477,0,0,0,0,368,158,46,1633,0,13646,0,0,150006
9_points_GTv3_-250_0.png,40259,43380,0,0,68428,553,662,0,0,0,0,358,60,550,0,15181,0,636,79933
9_points_GTv3_-250_150.png,89012,0,0,0,137548,2598,0,0,0,0,0,152,50,0,0,20640,0,0,0
9_points_GTv3_0_200.png,48038,12088,0,0,0,0,0,0,0,1933,3287,0,0,0,0,0,0,32,184622
9_points_GTv3_100_100.png,15463,62980,55,0,95759,652,1213,0,0,27,131,0,0,0,0,22421,0,834,50465
9_points_GTv3_100_50.png,117894,850,0,196,74800,3330,3729,0,0,0,0,68,535,0,4458,43924,0,30,186
9_points_GTv3_150_100.png,31465,66153,0,0,81249,847,1481,0,0,0,324,0,0,2559,6580,11445,0,853,47044
9_points_GTv3_150_150.png,19498,102089,0,0,29120,1324,0,0,0,213,1157,89,85,155,5866,20038,0,1033,69333
9_points_GTv3_200_0.png,40204,51298,0,0,0,5210,9469,0,0,0,0,0,0,222,2512,0,0,657,140428
9_points_GTv3_50_200.png,36614,54882,0,0,1033,4208,0,0,0,494,2601,124,0,383,2205,19981,0,1900,125575
9_points_GTv3_50_50.png,28786,59183,0,0,33068,2313,3207,0,0,0,0,40,0,0,2393,36014,0,507,84489
a_points_GTv2_-150_-200.png,26820,0,1818,89,211120,0,1948,0,0,0,0,0,0,0,0,8205,0,0,0
a_points_GTv2_-200_-100.png,46703,29454,1345,2557,154317,1139,0,0,0,0,0,488,0,4,0,13993,0,0,0
a_points_GTv2_-200_-50.png,22358,77798,821,1582,137623,0,0,0,0,0,0,0,0,173,0,9645,0,0,0
a_points_GTv2_-200_0.png,101074,52094,846,1387,63144,5514,0,0,0,0,113,130,0,0,2779,22919,0,0,0
a_points_GTv2_-250_-250.png,53255,0,659,3728,160576,2572,0,0,0,0,0,290,32,0,0,28888,0,0,0
a_points_GTv2_-50_0.png,105117,7022,1155,992,103987,1788,732,0,2531,0,0,0,0,0,2268,24408,0,0,0
a_points_GTv2_-50_50.png,107789,49103,807,2015,58803,0,0,243,0,0,0,46,20,738,94,30342,0,0,0
a_points_GTv2_0_0.png,77941,10822,120,2589,74502,3718,2322,0,0,0,0,101,0,0,35,77850,0,0,0
a_points_GTv2_0_50.png,101020,39256,238,3563,74076,1264,0,0,0,0,0,51,0,0,770,29762,0,0,0
a_points_GTv2_100_100.png,104421,35363,0,1418,47315,4239,5484,0,0,0,0,74,102,0,0,51584,0,0,0
a_points_GTv2_100_50.png,49707,34044,991,3965,160169,0,0,0,189,0,0,0,0,27,908,0,0,0,0
a_points_GTv2_150_50.png,67175,80742,2346,139,62494,3270,0,0,0,23,92,813,65,0,0,32841,0,0,0
a_points_GTv2_200_100.png,80738,11388,1317,3859,148543,592,0,0,0,0,0,0,0,0,2034,1529,0,0,0
a_points_GTv2_50_-50.png,72245,19622,805,1776,112849,2115,0,0,0,0,0,156,49,0,35,40348,0,0,0
Boise_-150_-150.png,37089,0,212911,0,0,0,0,0,0,0,0,0,0,0,0,0,0,0,0
Boise_-150_-250.png,26894,0,223106,0,0,0,0,0,0,0,0,0,0,0,0,0,0,0,0
Boise_-200_-50.png,181,0,249819,0,0,0,0,0,0,0,0,0,0,0,0,0,0,0,0
Boise_-200_0.png,2155,0,247845,0,0,0,0,0,0,0,0,0,0,0,0,0,0,0,0
Boise_-200_200.png,0,0,250000,0,0,0,0,0,0,0,0,0,0,0,0,0,0,0,0
Boise_-200_250.png,21659,0,228341,0,0,0,0,0,0,0,0,0,0,0,0,0,0,0,0
Boise_-300_-150.png,0,0,250000,0,0,0,0,0,0,0,0,0,0,0,0,0,0,0,0
Boise_-300_-200.png,0,0,250000,0,0,0,0,0,0,0,0,0,0,0,0,0,0,0,0
Boise_-300_-50.png,0,0,250000,0,0,0,0,0,0,0,0,0,0,0,0,0,0,0,0
Boise_-300_0.png,0,0,250000,0,0,0,0,0,0,0,0,0,0,0,0,0,0,0,0
Boise_-300_50.png,0,0,250000,0,0,0,0,0,0,0,0,0,0,0,0,0,0,0,0
Boise_-50_-200.png,3851,0,246142,0,0,7,0,0,0,0,0,0,0,0,0,0,0,0,0
Boise_-50_-300.png,2335,0,247665,0,0,0,0,0,0,0,0,0,0,0,0,0,0,0,0
Boise_-50_150.png,69631,0,180369,0,0,0,0,0,0,0,0,0,0,0,0,0,0,0,0
Boise_-50_50.png,7567,0,242338,0,0,95,0,0,0,0,0,0,0,0,0,0,0,0,0
Boise_0_-200.png,0,0,250000,0,0,0,0,0,0,0,0,0,0,0,0,0,0,0,0
Boise_0_-250.png,0,0,250000,0,0,0,0,0,0,0,0,0,0,0,0,0,0,0,0
Boise_0_150.png,3431,0,246569,0,0,0,0,0,0,0,0,0,0,0,0,0,0,0,0
Boise_200_-50.png,11915,0,238085,0,0,0,0,0,0,0,0,0,0,0,0,0,0,0,0
Boise_250_-100.png,514,0,249486,0,0,0,0,0,0,0,0,0,0,0,0,0,0,0,0
Boise_250_-300.png,18645,0,231355,0,0,0,0,0,0,0,0,0,0,0,0,0,0,0,0
Boise_50_-100.png,751,0,249236,0,0,13,0,0,0,0,0,0,0,0,0,0,0,0,0
Boise_50_-200.png,0,0,250000,0,0,0,0,0,0,0,0,0,0,0,0,0,0,0,0
Boise_50_-250.png,0,0,250000,0,0,0,0,0,0,0,0,0,0,0,0,0,0,0,0
Boise_50_-300.png,0,0,250000,0,0,0,0,0,0,0,0,0,0,0,0,0,0,0,0
Boise_50_200.png,11280,0,238641,0,0,79,0,0,0,0,0,0,0,0,0,0,0,0,0
Boston_-100_-150.png,8989,9008,231906,0,0,0,0,0,0,0,0,0,0,97,0,0,0,0,0
Boston_-100_-300.png,68526,0,176409,0,0,2815,0,0,0,0,0,18,0,2232,0,0,0,0,0
Boston_-100_250.png,43293,69100,137607,0,0,0,0,0,0,0,0,0,0,0,0,0,0,0,0
Boston_-150_200.png,29128,0,219875,0,0,927,0,0,0,0,0,0,0,70,0,0,0,0,0
Boston_-200_-250.png,49921,0,199266,0,0,813,0,0,0,0,0,0,0,0,0,0,0,0,0
Boston_-250_-200.png,63644,40296,146060,0,0,0,0,0,0,0,0,0,0,0,0,0,0,0,0
Boston_-250_-250.png,11774,0,237896,0,0,0,0,0,0,0,0,0,0,330,0,0,0,0,0
Boston_-250_-300.png,20319,0,227658,0,0,1874,0,0,0,0,0,0,0,149,0,0,0,0,0
Boston_-250_0.png,47028,43377,159595,0,0,0,0,0,0,0,0,0,0,0,0,0,0,0,0
Boston_-250_50.png,17653,51762,180585,0,0,0,0,0,0,0,0,0,0,0,0,0,0,0,0
Boston_-300_-300.png,0,58,249942,0,0,0,0,0,0,0,0,0,0,0,0,0,0,0,0
Boston_-300_0.png,413,1041,248546,0,0,0,0,0,0,0,0,0,0,0,0,0,0,0,0
Boston_-300_50.png,39079,14678,196243,0,0,0,0,0,0,0,0,0,0,0,0,0,0,0,0
Boston_-50_-300.png,12742,0,237258,0,0,0,0,0,0,0,0,0,0,0,0,0,0,0,0
Boston_-50_50.png,55529,35936,158535,0,0,0,0,0,0,0,0,0,0,0,0,0,0,0,0
Boston_0_-100.png,62147,0,187081,0,0,457,0,0,0,0,0,0,0,315,0,0,0,0,0
Boston_0_-50.png,12646,0,236763,0,0,572,0,0,0,0,0,0,0,19,0,0,0,0,0
Boston_50_-50.png,34019,0,214017,0,0,1964,0,0,0,0,0,0,0,0,0,0,0,0,0
Boston_50_0.png,23564,0,225859,0,0,423,0,0,0,0,0,0,34,120,0,0,0,0,0
b_points_GTv2_-250_-100.png,126696,11355,0,4994,67667,5593,5221,2166,1092,0,0,25,0,0,0,25191,0,0,0
b_points_GTv2_-250_-150.png,123182,37025,0,9716,62874,5353,8247,2952,0,6,0,431,214,0,0,0,0,0,0
b_points_GTv2_-50_-150.png,130453,36760,0,5906,66596,1806,1021,0,0,12,133,481,65,0,703,6064,0,0,0
b_points_GTv2_150_-200.png,135090,0,0,179,108565,1401,3919,121,0,0,210,515,0,0,0,0,0,0,0
b_points_GTv2_150_-250.png,157197,0,0,7813,79574,5212,0,0,0,0,0,130,55,19,0,0,0,0,0
b_points_GTv2_200_-200.png,143394,0,0,3953,82437,7402,2122,7614,2892,0,0,174,12,0,0,0,0,0,0
b_points_GTv2_200_-50.png,143595,0,0,3646,71352,4742,101,1412,2,0,0,900,52,0,965,23233,0,0,0
Charlotte_-100_-300.png,34786,0,193314,0,0,21900,0,0,0,0,0,0,0,0,0,0,0,0,0
Charlotte_-100_100.png,22287,0,221982,0,0,4845,0,0,0,0,0,36,0,850,0,0,0,0,0
Charlotte_-100_50.png,42392,0,200549,0,0,6083,0,0,0,0,0,19,0,957,0,0,0,0,0
Charlotte_-150_-300.png,29807,0,210902,0,0,9291,0,0,0,0,0,0,0,0,0,0,0,0,0
Charlotte_-200_-200.png,33664,0,207732,0,0,7905,0,0,0,0,0,0,0,699,0,0,0,0,0
Charlotte_-200_-250.png,27909,0,211853,0,0,10238,0,0,0,0,0,0,0,0,0,0,0,0,0
Charlotte_-250_-200.png,10405,28,237154,0,0,1187,0,0,0,0,0,134,115,977,0,0,0,0,0
Charlotte_-250_-250.png,6954,0,242068,0,0,978,0,0,0,0,0,0,0,0,0,0,0,0,0
Charlotte_-250_-300.png,44958,0,191279,0,0,13763,0,0,0,0,0,0,0,0,0,0,0,0,0
Charlotte_-250_100.png,13435,6178,228072,0,0,0,0,0,0,0,0,54,0,2261,0,0,0,0,0
Charlotte_-250_50.png,1689,70,247655,0,0,71,0,0,0,0,0,0,0,515,0,0,0,0,0
Charlotte_-300_-250.png,11426,0,230485,0,0,8089,0,0,0,0,0,0,0,0,0,0,0,0,0
Charlotte_-300_50.png,34963,0,200513,0,0,14524,0,0,0,0,0,0,0,0,0,0,0,0,0
Charlotte_-50_-300.png,19758,0,224148,0,0,6094,0,0,0,0,0,0,0,0,0,0,0,0,0
Charlotte_-50_100.png,43017,0,199926,0,0,6514,0,0,0,0,0,0,14,529,0,0,0,0,0
Charlotte_0_-250.png,34036,2467,212236,0,0,14,0,0,0,0,0,0,0,1247,0,0,0,0,0
Charlotte_0_-300.png,11540,0,233779,0,0,4681,0,0,0,0,0,0,0,0,0,0,0,0,0
Charlotte_100_-200.png,65109,18703,160783,0,0,0,0,0,0,0,0,185,1,5219,0,0,0,0,0
Charlotte_100_-300.png,0,0,250000,0,0,0,0,0,0,0,0,0,0,0,0,0,0,0,0
Charlotte_100_-50.png,4770,0,243704,0,0,1219,0,0,0,0,0,88,0,219,0,0,0,0,0
Charlotte_100_0.png,2431,1207,244810,0,0,75,0,0,0,0,0,119,0,1358,0,0,0,0,0
Charlotte_150_-300.png,0,0,250000,0,0,0,0,0,0,0,0,0,0,0,0,0,0,0,0
Charlotte_150_0.png,71852,0,167503,0,0,6188,0,0,0,0,0,35,15,4407,0,0,0,0,0
Charlotte_200_-300.png,0,0,250000,0,0,0,0,0,0,0,0,0,0,0,0,0,0,0,0
Charlotte_250_-300.png,0,0,249129,0,0,871,0,0,0,0,0,0,0,0,0,0,0,0,0
Charlotte_50_-300.png,6932,0,241067,0,0,2001,0,0,0,0,0,0,0,0,0,0,0,0,0
c_points_GTv2_-200_-150.png,58665,79238,576,973,57073,0,2576,0,0,0,0,127,0,0,563,50209,0,0,0
c_points_GTv2_-200_-200.png,83296,26757,0,1237,73462,1577,0,0,0,0,0,441,30,0,964,62236,0,0,0
e_points_GTv2_100_-200.png,157202,0,0,910,87418,0,719,0,3264,0,0,160,14,313,0,0,0,0,0
FortWorth_0_0.png,36970,0,207926,0,0,4316,0,0,0,0,0,0,0,788,0,0,0,0,0
FortWorth_100_-250.png,71385,0,171704,0,0,6445,0,0,0,0,0,0,0,466,0,0,0,0,0
FortWorth_100_150.png,65970,0,177635,0,0,5118,0,0,0,0,0,0,0,1277,0,0,0,0,0
FortWorth_150_-250.png,32444,0,214385,0,0,2228,0,0,0,0,0,0,3,940,0,0,0,0,0
FullerHill_100_250.png,45712,0,164692,0,0,39596,0,0,0,0,0,0,0,0,0,0,0,0,0
FullerHill_200_250.png,48698,0,186368,0,0,14934,0,0,0,0,0,0,0,0,0,0,0,0,0
f_points_GTv2_-150_150.png,98443,46776,0,0,103989,495,0,0,0,0,0,0,128,169,0,0,0,0,0
f_points_GTv2_0_0.png,108042,34023,541,3799,72000,0,2283,0,0,0,0,862,116,0,0,28334,0,0,0
f_points_GTv2_100_-50.png,118773,49964,732,762,76039,3475,0,0,0,46,209,0,0,0,0,0,0,0,0
f_points_GTv2_100_50.png,125484,25935,252,2684,91111,0,0,0,3725,15,93,0,0,18,683,0,0,0,0
Henderson_-100_-100.png,59179,0,190569,0,0,252,0,0,0,0,0,0,0,0,0,0,0,0,0
Henderson_-100_-150.png,35972,0,213684,0,0,344,0,0,0,0,0,0,0,0,0,0,0,0,0
Henderson_-100_-200.png,53008,0,196543,0,0,449,0,0,0,0,0,0,0,0,0,0,0,0,0
Henderson_-100_-300.png,32368,0,217632,0,0,0,0,0,0,0,0,0,0,0,0,0,0,0,0
Henderson_-100_150.png,44501,0,205497,0,0,2,0,0,0,0,0,0,0,0,0,0,0,0,0
Henderson_-100_250.png,66557,0,183443,0,0,0,0,0,0,0,0,0,0,0,0,0,0,0,0
Henderson_-150_-200.png,30479,0,219521,0,0,0,0,0,0,0,0,0,0,0,0,0,0,0,0
Henderson_-150_-300.png,71346,0,178459,0,0,195,0,0,0,0,0,0,0,0,0,0,0,0,0
Henderson_-200_100.png,58900,0,191100,0,0,0,0,0,0,0,0,0,0,0,0,0,0,0,0
Henderson_-200_200.png,11462,0,238538,0,0,0,0,0,0,0,0,0,0,0,0,0,0,0,0
Henderson_-200_250.png,73329,0,176671,0,0,0,0,0,0,0,0,0,0,0,0,0,0,0,0
Henderson_-250_250.png,64649,0,185351,0,0,0,0,0,0,0,0,0,0,0,0,0,0,0,0
Henderson_-300_-100.png,58967,0,190931,0,0,102,0,0,0,0,0,0,0,0,0,0,0,0,0
Henderson_-300_-150.png,27575,0,222425,0,0,0,0,0,0,0,0,0,0,0,0,0,0,0,0
Henderson_-300_-300.png,69235,0,180765,0,0,0,0,0,0,0,0,0,0,0,0,0,0,0,0
Henderson_-50_-250.png,53228,0,196063,0,0,709,0,0,0,0,0,0,0,0,0,0,0,0,0
Henderson_-50_-300.png,29412,0,220588,0,0,0,0,0,0,0,0,0,0,0,0,0,0,0,0
Henderson_0_-200.png,38155,0,211211,0,0,634,0,0,0,0,0,0,0,0,0,0,0,0,0
Henderson_0_-250.png,46772,0,202609,0,0,619,0,0,0,0,0,0,0,0,0,0,0,0,0
Henderson_0_150.png,64969,0,184870,0,0,161,0,0,0,0,0,0,0,0,0,0,0,0,0
Henderson_0_200.png,61614,0,188364,0,0,22,0,0,0,0,0,0,0,0,0,0,0,0,0
Henderson_100_-50.png,31102,0,218898,0,0,0,0,0,0,0,0,0,0,0,0,0,0,0,0
Henderson_100_100.png,55515,0,194485,0,0,0,0,0,0,0,0,0,0,0,0,0,0,0,0
Henderson_100_200.png,40988,0,209012,0,0,0,0,0,0,0,0,0,0,0,0,0,0,0,0
Henderson_150_-150.png,72009,0,177991,0,0,0,0,0,0,0,0,0,0,0,0,0,0,0,0
Henderson_200_-150.png,64521,0,185479,0,0,0,0,0,0,0,0,0,0,0,0,0,0,0,0
Henderson_200_-200.png,35371,0,214629,0,0,0,0,0,0,0,0,0,0,0,0,0,0,0,0
Henderson_200_150.png,61896,0,188104,0,0,0,0,0,0,0,0,0,0,0,0,0,0,0,0
Henderson_200_200.png,67474,0,182526,0,0,0,0,0,0,0,0,0,0,0,0,0,0,0,0
Henderson_200_250.png,20613,0,228764,0,0,623,0,0,0,0,0,0,0,0,0,0,0,0,0
Henderson_200_50.png,60464,0,189475,0,0,61,0,0,0,0,0,0,0,0,0,0,0,0,0
Henderson_250_-150.png,71940,0,178060,0,0,0,0,0,0,0,0,0,0,0,0,0,0,0,0
Henderson_250_-300.png,41935,0,208065,0,0,0,0,0,0,0,0,0,0,0,0,0,0,0,0
Henderson_250_-50.png,54530,0,195232,0,0,238,0,0,0,0,0,0,0,0,0,0,0,0,0
Henderson_250_100.png,25311,0,224689,0,0,0,0,0,0,0,0,0,0,0,0,0,0,0,0
Henderson_250_250.png,48007,0,201993,0,0,0,0,0,0,0,0,0,0,0,0,0,0,0,0
Henderson_50_-200.png,46310,0,203690,0,0,0,0,0,0,0,0,0,0,0,0,0,0,0,0
Henderson_50_-250.png,47094,0,202906,0,0,0,0,0,0,0,0,0,0,0,0,0,0,0,0
Henderson_50_150.png,66423,0,183550,0,0,27,0,0,0,0,0,0,0,0,0,0,0,0,0
Henderson_50_50.png,69188,0,180812,0,0,0,0,0,0,0,0,0,0,0,0,0,0,0,0
h_points_GTv2_-100_150.png,107277,30276,726,2314,74515,2128,1767,0,0,0,0,120,263,4798,0,25816,0,0,0
h_points_GTv2_-100_50.png,62625,53677,0,2649,128530,0,0,0,0,0,0,0,7,2512,0,0,0,0,0
h_points_GTv2_-250_-250.png,96124,6136,105,410,123874,3217,0,0,0,0,0,81,173,1073,0,18807,0,0,0
h_points_GTv2_-250_150.png,116534,0,2137,3394,96514,2242,4197,0,0,0,0,124,1119,0,0,23739,0,0,0
h_points_GTv2_-50_-50.png,71392,31168,0,270,139622,0,504,0,0,0,0,0,105,0,0,6939,0,0,0
h_points_GTv2_-50_100.png,53726,35629,1213,518,137630,1598,3350,0,0,29,117,406,4,0,0,15780,0,0,0
h_points_GTv2_-50_50.png,60903,29986,180,628,124475,989,0,0,0,0,0,113,250,0,0,32476,0,0,0
h_points_GTv2_0_-100.png,115570,2056,1425,1128,59909,3439,464,0,0,0,0,148,353,0,0,65508,0,0,0
h_points_GTv2_0_-50.png,88627,4346,3084,638,125275,606,0,0,0,0,0,57,44,0,0,27323,0,0,0
h_points_GTv2_50_200.png,121834,0,5,18,73369,2096,0,0,0,0,0,544,40,4401,0,47693,0,0,0
i_points_GTv2_-100_-200.png,41659,3692,137,3435,200835,153,0,0,0,0,0,21,68,0,0,0,0,0,0
i_points_GTv2_-100_-250.png,22263,0,4454,4983,218300,0,0,0,0,0,0,0,0,0,0,0,0,0,0
i_points_GTv2_-200_150.png,73706,19679,2625,2140,151612,0,0,0,0,0,0,118,120,0,0,0,0,0,0
i_points_GTv2_-250_-250.png,22060,0,2670,4816,220438,0,0,0,0,0,0,0,0,16,0,0,0,0,0
i_points_GTv2_-250_-50.png,143433,13884,425,863,90714,0,0,0,0,0,0,541,140,0,0,0,0,0,0
i_points_GTv2_-50_100.png,63885,15904,444,37,133803,2933,0,0,0,0,0,0,22,0,69,32903,0,0,0
i_points_GTv2_-50_200.png,8801,0,114,5412,235673,0,0,0,0,0,0,0,0,0,0,0,0,0,0
i_points_GTv2_100_-150.png,111168,20233,176,391,64383,1052,0,0,2498,3,12,0,15,0,0,50069,0,0,0
i_points_GTv2_100_-250.png,108782,18036,7411,9174,105446,0,0,0,0,0,0,0,0,1151,0,0,0,0,0
i_points_GTv2_150_200.png,121547,26589,365,2589,96336,651,0,1297,0,2,116,274,116,0,0,118,0,0,0
i_points_GTv2_200_100.png,99500,17915,1522,662,100478,1167,0,0,69,0,0,48,0,0,0,28639,0,0,0
i_points_GTv2_200_50.png,97406,26311,4688,4086,116781,136,0,0,0,0,0,58,0,533,0,1,0,0,0
i_points_GTv2_50_-150.png,68315,36365,736,3197,104808,929,0,0,0,45,89,0,81,0,0,35435,0,0,0
i_points_GTv2_50_-200.png,24472,1589,5383,5597,212959,0,0,0,0,0,0,0,0,0,0,0,0,0,0
Jacksonville_-300_-300.png,53229,65496,130245,0,0,0,0,0,0,0,0,25,0,1005,0,0,0,0,0
Jacksonville_-300_50.png,33976,65717,149523,0,0,416,0,0,0,0,0,0,0,368,0,0,0,0,0
Jacksonville_100_-200.png,53039,60654,136073,0,0,234,0,0,0,0,0,0,0,0,0,0,0,0,0
j_points_GTv2_-100_200.png,126375,0,787,150,99599,0,0,0,0,0,0,396,48,0,0,22645,0,0,0
j_points_GTv2_-150_-200.png,121681,0,1185,1839,125280,0,0,0,0,0,0,7,8,0,0,0,0,0,0
j_points_GTv2_-200_200.png,149136,10237,200,960,83741,0,0,5514,0,55,145,0,0,0,0,12,0,0,0
j_points_GTv2_-250_0.png,136974,0,52,2002,104354,6599,0,0,0,0,0,19,0,0,0,0,0,0,0
j_points_GTv2_-50_-200.png,132749,30014,742,2818,78640,3410,0,0,0,0,0,0,0,1627,0,0,0,0,0
j_points_GTv2_0_-250.png,143969,0,4193,2754,97064,1739,0,0,0,0,0,205,0,76,0,0,0,0,0
j_points_GTv2_150_150.png,155988,6022,387,1093,83675,998,1105,0,0,48,414,0,0,270,0,0,0,0,0
LosAngeles_-200_-100.png,41968,0,208032,0,0,0,0,0,0,0,0,0,0,0,0,0,0,0,0
LosAngeles_-200_-300.png,51077,0,198549,0,0,374,0,0,0,0,0,0,0,0,0,0,0,0,0
LosAngeles_-200_150.png,57456,0,192544,0,0,0,0,0,0,0,0,0,0,0,0,0,0,0,0
LosAngeles_-200_200.png,33776,0,216224,0,0,0,0,0,0,0,0,0,0,0,0,0,0,0,0
LosAngeles_-300_-300.png,24421,0,225579,0,0,0,0,0,0,0,0,0,0,0,0,0,0,0,0
LosAngeles_150_200.png,30240,0,219234,0,0,5,0,0,0,0,0,0,0,521,0,0,0,0,0
LosAngeles_150_250.png,46272,0,203728,0,0,0,0,0,0,0,0,0,0,0,0,0,0,0,0
LosAngeles_250_-100.png,50766,0,198928,0,0,0,0,0,0,0,0,0,0,306,0,0,0,0,0
LosAngeles_50_250.png,52196,0,197804,0,0,0,0,0,0,0,0,0,0,0,0,0,0,0,0
Memphis_-200_-300.png,52114,0,196278,0,0,387,0,0,0,0,0,0,0,1221,0,0,0,0,0
Memphis_-50_0.png,60278,24019,165703,0,0,0,0,0,0,0,0,0,0,0,0,0,0,0,0
Memphis_-50_250.png,33407,0,216593,0,0,0,0,0,0,0,0,0,0,0,0,0,0,0,0
Memphis_0_200.png,73185,0,174501,0,0,1626,0,0,0,0,0,0,0,688,0,0,0,0,0
Memphis_0_250.png,19958,0,227852,0,0,2140,0,0,0,0,0,41,0,9,0,0,0,0,0
Memphis_100_100.png,22531,0,226319,0,0,1150,0,0,0,0,0,0,0,0,0,0,0,0,0
Memphis_100_150.png,70527,0,178973,0,0,496,0,0,0,0,0,0,0,4,0,0,0,0,0
Memphis_50_-250.png,71165,0,175543,0,0,1358,0,0,0,0,0,0,0,1934,0,0,0,0,0
OCCC_points_-200_200.png,42997,4629,40191,0,0,0,0,0,0,0,0,1680,0,15133,0,122727,0,0,22643
OCCC_points_-300_-150.png,27383,0,23728,0,0,0,0,0,0,0,0,567,0,570,0,190867,0,0,6885
OCCC_points_-50_-300.png,12572,92397,16367,0,0,339,0,0,0,0,0,598,0,1030,884,114932,0,0,10881
OCCC_points_0_-300.png,39693,18926,38732,0,0,0,0,0,0,0,0,364,0,919,4662,129447,0,0,17257
OCCC_points_100_-300.png,31468,35880,41601,0,0,0,0,0,0,0,0,400,0,746,1737,122314,0,0,15854
OCCC_points_100_450.png,0,0,0,0,0,0,0,0,0,0,0,0,0,0,0,250000,0,0,0
OCCC_points_150_-100.png,24560,0,13357,0,0,24345,0,0,0,0,0,95,0,4,0,182929,0,0,4710
OCCC_points_150_-300.png,28064,50639,34295,0,0,0,0,0,0,0,0,466,0,1280,1423,128090,0,0,5743
OCCC_points_150_-50.png,39544,0,37246,0,0,4550,0,0,0,0,0,91,0,85,0,160819,0,0,7665
OCCC_points_150_0.png,41243,0,21028,0,0,36363,0,0,0,0,0,74,0,228,0,138243,0,0,12821
OCCC_points_150_100.png,38490,0,32436,0,0,24727,0,0,0,0,0,191,0,2,0,142496,0,0,11658
OCCC_points_150_150.png,37131,0,26821,0,0,4488,0,0,0,0,0,184,0,422,0,163230,0,0,17724
OCCC_points_150_50.png,20995,0,14427,0,0,50061,0,0,0,0,0,69,0,2011,0,152360,0,0,10077
OCCC_points_200_-150.png,16698,0,20828,0,0,41676,0,0,0,0,0,124,0,0,0,169049,0,0,1625
OCCC_points_200_-50.png,13580,0,22333,0,0,905,0,0,0,0,0,29,0,9,0,209252,0,0,3892
OCCC_points_200_0.png,7997,0,17349,0,0,34187,0,0,0,0,0,43,0,0,0,189391,0,0,1033
OCCC_points_200_100.png,30329,0,16047,0,0,34519,0,0,0,0,0,395,0,0,0,163591,0,0,5119
OCCC_points_200_50.png,0,0,0,0,0,87933,0,0,0,0,0,28,0,0,0,162039,0,0,0
OCCC_points_250_-100.png,20581,0,21947,0,0,2509,0,0,0,0,0,222,0,92,0,203039,0,0,1610
OCCC_points_250_150.png,12464,0,4291,0,0,92745,0,0,0,0,0,117,0,0,0,139706,0,0,677
OCCC_points_300_-100.png,32825,0,32602,0,0,1849,0,0,0,0,0,85,0,110,0,179127,0,0,3402
OCCC_points_300_-200.png,8831,0,14640,0,0,0,0,0,0,0,0,282,0,242,0,225555,0,0,450
OCCC_points_300_-250.png,9885,0,9260,0,0,13130,0,0,0,0,0,35,0,0,0,216860,0,0,830
OCCC_points_300_-50.png,47071,0,38332,0,0,0,0,0,0,0,0,54,0,174,0,162069,0,0,2300
OCCC_points_300_150.png,0,0,0,0,0,127780,0,0,0,0,0,8,0,0,0,122212,0,0,0
OCCC_points_300_200.png,24140,0,0,0,0,101823,0,0,0,0,0,27,0,0,0,123857,0,0,153
OCCC_points_300_50.png,31379,0,13695,0,0,46666,0,0,0,0,0,110,0,0,0,153118,0,0,5032
OCCC_points_350_50.png,0,0,0,0,0,13132,0,0,0,0,0,0,0,0,0,236868,0,0,0
OCCC_points_50_450.png,0,0,0,0,0,0,0,0,0,0,0,0,0,0,0,250000,0,0,0
RA_points_-100_-150.png,37213,1343,44146,0,0,0,0,0,0,0,0,59,0,165,7435,159639,0,0,0
RA_points_-100_100.png,31402,71033,31896,0,0,1372,0,0,0,0,0,0,0,643,10857,102797,0,0,0
RA_points_-150_100.png,36318,89038,100877,0,0,7779,0,0,0,0,0,0,0,0,0,15988,0,0,0
RA_points_-50_-100.png,4006,104396,14402,0,0,4402,0,0,0,0,0,31,0,135,3435,119193,0,0,0
RA_points_-50_-150.png,35183,8,31133,0,0,0,0,0,0,0,0,599,0,206,8196,174675,0,0,0
RA_points_-50_-50.png,3789,117158,29111,0,0,0,0,0,0,0,0,59,0,679,12401,86803,0,0,0
RA_points_-50_50.png,9899,120808,23439,0,0,3051,0,0,0,0,0,0,0,817,10240,79597,0,0,2149
RA_points_0_-100.png,5711,115129,21278,0,0,1713,0,0,0,0,0,20,0,228,7723,98198,0,0,0
RA_points_0_-150.png,12317,5028,17513,0,0,7,0,0,0,0,0,287,0,254,5973,208621,0,0,0
RA_points_0_-50.png,6726,83474,27743,0,0,0,0,0,0,0,0,85,0,1116,8648,122208,0,0,0
RA_points_0_50.png,2257,112742,23829,0,0,7105,0,0,0,0,0,27,0,1184,9111,86587,0,0,7158
RA_points_100_-150.png,19968,44,19441,0,0,0,0,0,0,0,0,467,0,472,0,209608,0,0,0
RA_points_100_-50.png,10467,59252,3996,0,0,31543,0,0,0,0,0,59,0,108,0,144575,0,0,0
RA_points_50_-100.png,23066,15707,19076,0,0,1362,0,0,0,0,0,349,0,611,2502,187327,0,0,0
RA_points_50_-150.png,6145,0,1422,0,0,1000,0,0,0,0,0,2065,0,337,0,239031,0,0,0
RA_points_50_-50.png,27995,17847,19996,0,0,2493,0,0,0,0,0,207,0,1039,3145,177278,0,0,0
RA_points_50_0.png,28175,20521,18939,0,0,4343,0,0,0,0,0,263,0,2468,7144,168147,0,0,0
USC_points_-100_-100.png,28611,58208,67753,0,0,0,0,0,0,0,0,69,0,1803,0,88309,0,0,5247
USC_points_-100_-250.png,10647,119034,30768,0,0,24,0,0,0,0,0,55,0,3831,0,83280,0,0,2361
USC_points_-100_-350.png,18010,124981,40110,0,0,0,0,0,0,0,0,0,0,5779,0,61120,0,0,0
USC_points_-100_-400.png,6279,0,78776,0,0,0,0,0,0,0,0,1106,0,4842,22265,136732,0,0,0
USC_points_-100_250.png,675,100032,20209,0,0,0,0,0,0,0,0,104,0,51,0,128563,0,0,366
USC_points_-100_300.png,2552,60707,21155,0,0,0,0,0,0,0,0,57,0,1182,658,162016,0,0,1673
USC_points_-100_350.png,0,118697,12808,0,0,0,0,0,0,0,0,380,0,1696,0,113943,0,0,2476
USC_points_-100_400.png,0,24,1283,0,0,0,0,0,0,0,0,41,0,907,0,231732,0,0,16013
USC_points_-150_-150.png,11555,106307,50607,0,0,0,0,0,0,0,0,0,0,553,0,80978,0,0,0
USC_points_-150_-200.png,720,77152,39621,0,0,0,0,0,0,0,0,145,0,3428,0,127101,0,0,1833
USC_points_-150_-250.png,7680,109823,30467,0,0,0,0,0,0,0,0,105,0,4396,822,95195,0,0,1512
USC_points_-150_-400.png,8272,0,121827,0,0,0,0,0,0,0,0,286,0,1056,16310,102249,0,0,0
USC_points_-150_-50.png,5873,132945,24540,0,0,0,0,0,0,0,0,374,0,362,0,85073,0,0,833
USC_points_-150_250.png,4179,89907,11675,0,0,0,0,0,0,0,0,143,0,645,551,140533,0,0,2367
USC_points_-200_-200.png,4282,142656,47600,0,0,0,0,0,0,0,0,0,0,3599,0,51536,0,0,327
USC_points_-200_-250.png,29271,79209,67744,0,0,0,0,0,0,0,0,134,0,3428,1145,67867,0,0,1202
USC_points_-200_-50.png,9107,125344,56484,0,0,0,0,0,0,0,0,9,0,580,0,55804,0,0,2672
USC_points_-200_350.png,6681,67544,63253,0,0,0,0,0,0,0,0,0,0,1503,339,110641,0,0,39
USC_points_-200_400.png,1067,49745,40853,0,0,4756,0,0,0,0,0,211,0,486,0,136639,0,0,16243
USC_points_-250_-150.png,35032,34658,65386,0,0,0,0,0,0,0,0,42,0,10699,0,104183,0,0,0
USC_points_-250_-200.png,8705,92496,98732,0,0,0,0,0,0,0,0,21,0,3544,0,46502,0,0,0
USC_points_-250_-350.png,36604,67325,49953,0,0,1335,0,0,0,0,0,35,0,12624,2252,79872,0,0,0
USC_points_-250_-400.png,10863,0,6019,0,0,0,0,0,0,0,0,52674,0,2789,377,177278,0,0,0
USC_points_-250_0.png,2026,122196,9650,0,0,0,0,0,0,0,0,14,0,17314,725,98075,0,0,0
USC_points_-250_400.png,3479,104027,10577,0,0,7321,0,0,0,0,0,79,0,2,0,104051,0,0,20464
USC_points_-300_-100.png,4345,103431,51795,0,0,2237,0,0,0,0,0,89,0,5545,0,80262,0,0,2296
USC_points_-300_-150.png,14932,131252,61912,0,0,338,0,0,0,0,0,0,0,1241,0,40325,0,0,0
USC_points_-300_-250.png,10080,161167,31090,0,0,896,0,0,0,0,0,26,0,3996,0,42745,0,0,0
USC_points_-300_-50.png,435,108033,9418,0,0,1098,0,0,0,0,0,166,0,8343,2774,119493,0,0,240
USC_points_-300_150.png,25017,101869,52276,0,0,0,0,0,0,0,0,389,0,2275,633,44806,0,0,22735
USC_points_-300_300.png,16288,154618,49756,0,0,0,0,0,0,0,0,448,0,3609,3008,3518,0,0,18755
USC_points_-300_400.png,1065,24856,72722,0,0,6497,0,0,0,0,0,109,0,5044,0,116956,0,0,22751
USC_points_-350_-150.png,11338,63096,53090,0,0,2755,0,0,0,0,0,0,0,335,0,114047,0,0,5339
USC_points_-350_0.png,3563,52236,20745,0,0,123,0,0,0,0,0,0,0,47192,1299,124568,0,0,274
USC_points_-350_100.png,12087,86135,21276,0,0,2373,0,0,0,0,0,221,0,426,5586,121790,0,0,106
USC_points_-400_-150.png,12543,128088,72516,0,0,0,0,0,0,0,0,0,0,3069,0,33784,0,0,0
USC_points_-400_-200.png,5017,122868,64995,0,0,0,0,0,0,0,0,113,0,3344,0,53663,0,0,0
USC_points_-400_-350.png,887,106958,56840,0,0,0,0,0,0,0,0,0,0,26452,227,58636,0,0,0
USC_points_-400_0.png,2964,36235,31874,0,0,0,0,0,0,0,0,221,0,13859,886,159284,0,0,4677
USC_points_-400_100.png,24131,63343,32988,0,0,15205,0,0,0,0,0,514,0,1314,0,112505,0,0,0
USC_points_-400_150.png,0,32291,1617,0,0,980,0,0,0,0,0,593,0,3583,9185,201751,0,0,0
USC_points_-400_250.png,22739,10,20581,0,0,0,0,0,0,0,0,729,0,311,3599,159948,0,0,42083
USC_points_-400_300.png,0,8326,687,0,0,12754,0,0,0,0,0,301,0,24188,8247,195497,0,0,0
USC_points_-400_400.png,0,47405,48143,0,0,1512,0,0,0,0,0,53,0,10,2943,142119,0,0,7815
USC_points_-450_-150.png,400,91634,53988,0,0,8921,0,0,0,0,0,15,0,3635,0,91407,0,0,0
USC_points_-450_-300.png,27840,114780,40663,0,0,4101,0,0,0,0,0,72,0,494,400,61650,0,0,0
USC_points_-450_-350.png,22874,83830,80499,0,0,0,0,0,0,0,0,393,0,5178,0,57226,0,0,0
USC_points_-450_-400.png,0,0,76599,0,0,0,0,0,0,0,0,3025,0,43,1835,168498,0,0,0
USC_points_-450_0.png,21324,45850,58679,0,0,2237,0,0,0,0,0,188,0,1262,0,116171,0,0,4289
USC_points_-450_150.png,29180,56614,21205,0,0,4632,0,0,0,0,0,262,0,3340,2719,132048,0,0,0
USC_points_-450_250.png,2876,31710,31986,0,0,10655,0,0,0,0,0,224,0,22506,3883,146160,0,0,0
USC_points_-450_300.png,2074,68534,35028,0,0,15551,0,0,0,0,0,56,0,4769,3514,119242,0,0,1232
USC_points_-450_350.png,264,40772,37130,0,0,13293,0,0,0,0,0,40,0,18333,1228,138906,0,0,34
USC_points_-450_400.png,0,12724,67133,0,0,0,0,0,0,0,0,366,0,62,1764,164247,0,0,3704
USC_points_-450_50.png,615,120534,74304,0,0,244,0,0,0,0,0,296,0,2737,0,49918,0,0,1352
USC_points_-500_-100.png,0,0,36640,0,0,0,0,0,0,0,0,0,0,299,0,193497,0,0,19564
USC_points_-500_-150.png,0,0,29282,0,0,0,0,0,0,0,0,0,0,0,0,196466,0,0,24252
USC_points_-500_-300.png,0,0,64,0,0,0,0,0,0,0,0,0,0,0,0,249936,0,0,0
USC_points_-500_-350.png,0,0,0,0,0,1089,0,0,0,0,0,805,0,0,0,248106,0,0,0
USC_points_-500_0.png,0,0,0,0,0,0,0,0,0,0,0,0,0,0,0,250000,0,0,0
USC_points_-500_100.png,0,0,0,0,0,0,0,0,0,0,0,0,0,0,0,250000,0,0,0
USC_points_-500_150.png,0,0,5999,0,0,0,0,0,0,0,0,0,0,131,0,234209,0,0,9661
USC_points_-500_250.png,0,0,15499,0,0,0,0,0,0,0,0,0,0,0,0,209826,0,0,24675
USC_points_-500_300.png,0,0,4582,0,0,0,0,0,0,0,0,0,0,0,0,220135,0,0,25283
USC_points_-500_350.png,0,0,0,0,0,0,0,0,0,0,0,0,0,0,0,250000,0,0,0
USC_points_-500_400.png,0,0,0,0,0,0,0,0,0,0,0,0,0,0,0,250000,0,0,0
USC_points_-50_-100.png,5046,136740,23718,0,0,0,0,0,0,0,0,18,0,1754,0,80755,0,0,1969
USC_points_-50_-200.png,1957,103188,21967,0,0,4282,0,0,0,0,0,120,0,5355,0,109842,0,0,3289
USC_points_-50_-50.png,24853,96704,48197,0,0,0,0,0,0,0,0,0,0,4126,417,72392,0,0,3311
USC_points_-50_0.png,38933,5616,46320,0,0,0,0,0,0,0,0,60,0,4658,2603,143967,0,0,7843
USC_points_-50_300.png,38062,81554,40978,0,0,1594,0,0,0,0,0,0,0,3130,3322,80463,0,0,897
USC_points_-50_350.png,2913,41279,10280,0,0,0,0,0,0,0,0,482,0,824,0,192095,0,0,2127
USC_points_0_-100.png,14367,91355,48493,0,0,0,0,0,0,0,0,328,0,797,0,92476,0,0,2184
USC_points_0_-300.png,11530,151643,34849,0,0,0,0,0,0,0,0,0,0,1185,0,50793,0,0,0
USC_points_0_-350.png,17868,12478,45274,0,0,0,0,0,0,0,0,89,0,1260,0,173031,0,0,0
USC_points_0_-400.png,1203,0,2204,0,0,0,0,0,0,0,0,29226,0,95,2010,215262,0,0,0
USC_points_0_200.png,6841,104362,29233,0,0,1097,0,0,0,0,0,92,0,2718,385,105162,0,0,110
USC_points_0_300.png,3746,631,105872,0,0,897,0,0,0,0,0,203,0,1583,0,134375,0,0,2693
USC_points_0_350.png,0,0,428,0,0,0,0,0,0,0,0,0,0,28,0,245586,0,0,3958
USC_points_0_50.png,11805,137439,62137,0,0,0,0,0,0,0,0,0,0,712,0,37907,0,0,0
USC_points_100_-150.png,17236,6831,21528,0,0,0,0,0,0,0,0,1672,0,4226,0,198507,0,0,0
USC_points_100_-200.png,30305,25536,78868,0,0,0,0,0,0,0,0,205,0,17444,0,96944,0,0,698
USC_points_100_-250.png,42830,76810,56002,0,0,0,0,0,0,0,0,0,0,14931,0,57816,0,0,1611
USC_points_100_-350.png,19508,81525,56612,0,0,0,0,0,0,0,0,0,0,5591,0,86764,0,0,0
USC_points_100_100.png,34804,73448,110071,0,0,0,0,0,0,0,0,0,0,2153,0,27548,0,0,1976
USC_points_100_150.png,1860,98836,27431,0,0,1323,0,0,0,0,0,67,0,2754,0,110495,0,0,7234
USC_points_100_250.png,8399,12284,19198,0,0,0,0,0,0,0,0,279,0,6179,877,184287,0,0,18497
USC_points_100_300.png,0,0,0,0,0,0,0,0,0,0,0,0,0,2520,0,222761,0,0,24719
USC_points_150_-250.png,7636,154296,52579,0,0,0,0,0,0,0,0,0,0,7803,741,26945,0,0,0
USC_points_150_-400.png,13100,0,139247,0,0,0,0,0,0,0,0,1301,0,0,4140,92212,0,0,0
USC_points_150_100.png,30737,89829,74222,0,0,491,0,0,0,0,0,0,0,3277,0,51232,0,0,212
USC_points_150_150.png,7831,91620,30452,0,0,568,0,0,0,0,0,48,0,1736,0,113195,0,0,4550
USC_points_150_250.png,6428,12192,3375,0,0,0,0,0,0,0,0,55,0,1433,0,217575,0,0,8942
USC_points_150_50.png,29923,107943,79712,0,0,0,0,0,0,0,0,0,0,805,0,30951,0,0,666
USC_points_200_-200.png,27882,48674,95490,0,0,0,0,0,0,0,0,173,0,1188,0,74818,0,0,1775
USC_points_200_-250.png,7509,88965,89260,0,0,347,0,0,0,0,0,45,0,16316,0,47558,0,0,0
USC_points_200_-400.png,8571,4342,69542,0,0,0,0,0,0,0,0,1860,0,111,3684,159642,0,0,2248
USC_points_200_0.png,35816,20767,27219,0,0,0,0,0,0,0,0,45,0,615,4431,161107,0,0,0
USC_points_200_100.png,18280,76387,21934,0,0,0,0,0,0,0,0,79,0,4033,0,115584,0,0,13703
USC_points_200_150.png,16443,108321,36212,0,0,0,0,0,0,0,0,15,0,4266,0,46004,0,0,38739
USC_points_200_50.png,43303,31232,72270,0,0,0,0,0,0,0,0,33,0,1634,1027,96386,0,0,4115
USC_points_250_-100.png,32418,97426,54567,0,0,0,0,0,0,0,0,60,0,1397,0,64132,0,0,0
USC_points_250_-150.png,29777,87870,52684,0,0,0,0,0,0,0,0,456,0,8480,0,70733,0,0,0
USC_points_250_-250.png,20557,40260,51997,0,0,0,0,0,0,0,0,156,0,1978,0,132337,0,0,2715
USC_points_250_-350.png,17294,93859,20675,0,0,0,0,0,0,0,0,0,0,3582,1049,113541,0,0,0
USC_points_250_-400.png,20470,0,5633,0,0,0,0,0,0,0,0,8675,0,3907,826,209976,0,0,513
USC_points_250_100.png,19506,1911,39255,0,0,0,0,0,0,0,0,209,0,4337,0,162849,0,0,21933
USC_points_250_150.png,19941,2324,21332,0,0,0,0,0,0,0,0,237,0,5097,0,157817,0,0,43252
USC_points_300_-300.png,8732,73366,24577,0,0,0,0,0,0,0,0,0,0,5029,0,138296,0,0,0
USC_points_300_100.png,13527,102812,84100,0,0,1192,0,0,0,0,0,0,0,8306,0,16318,0,0,23745
USC_points_300_150.png,3269,0,33554,0,0,0,0,0,0,0,0,231,0,2591,0,177850,0,0,32505
USC_points_350_-400.png,9027,17,505,0,0,0,0,0,0,0,0,25580,0,6506,1126,207239,0,0,0
USC_points_350_100.png,8436,49822,46551,0,0,0,0,0,0,0,0,225,0,12880,0,131898,0,0,188
USC_points_350_150.png,1113,0,8522,0,0,0,0,0,0,0,0,34,0,302,0,234730,0,0,5299
USC_points_400_-200.png,0,149669,30162,0,0,4486,0,0,0,0,0,69,0,3477,0,61716,0,0,421
USC_points_400_-250.png,10640,149758,36586,0,0,0,0,0,0,0,0,0,0,3407,0,48383,0,0,1226
USC_points_400_-300.png,5319,69858,14995,0,0,0,0,0,0,0,0,85,0,11452,499,147792,0,0,0
USC_points_400_0.png,19578,74599,37704,0,0,752,0,0,0,0,0,58,0,8342,0,100566,0,0,8401
USC_points_400_100.png,6024,8665,52787,0,0,2224,0,0,0,0,0,175,0,34,0,179379,0,0,712
USC_points_450_-200.png,4952,52303,19952,0,0,0,0,0,0,0,0,619,0,12422,0,159752,0,0,0
USC_points_450_-250.png,2381,1982,30029,0,0,0,0,0,0,0,0,197,0,489,0,214922,0,0,0
USC_points_450_0.png,6612,169402,31047,0,0,1123,0,0,0,0,0,87,0,834,0,40795,0,0,100
USC_points_450_100.png,214,0,7669,0,0,3149,0,0,0,0,0,0,0,3107,0,199925,0,0,35936
USC_points_450_50.png,0,177344,27516,0,0,3318,0,0,0,0,0,60,0,4059,0,33401,0,0,4302
USC_points_500_0.png,42836,56752,121949,0,0,0,0,0,0,0,0,0,0,0,0,28463,0,0,0
USC_points_500_50.png,3000,29644,30135,0,0,0,0,0,0,0,0,0,0,4597,0,177692,0,0,4932
USC_points_50_-100.png,15433,163548,48092,0,0,0,0,0,0,0,0,16,0,457,0,21159,0,0,1295
USC_points_50_-150.png,8755,77932,30204,0,0,0,0,0,0,0,0,177,0,21450,0,108729,0,0,2753
USC_points_50_-200.png,9042,120082,27921,0,0,0,0,0,0,0,0,499,0,24052,0,68404,0,0,0
USC_points_50_-300.png,15636,115949,38663,0,0,0,0,0,0,0,0,79,0,2347,0,77326,0,0,0
USC_points_50_-400.png,9718,0,97232,0,0,0,0,0,0,0,0,1774,0,0,4963,135414,0,0,899
USC_points_50_100.png,14119,152162,59062,0,0,0,0,0,0,0,0,0,0,2127,0,22338,0,0,192
USC_points_50_150.png,23019,62630,50922,0,0,0,0,0,0,0,0,64,0,4595,0,108193,0,0,577
USC_points_50_200.png,6735,73588,31294,0,0,0,0,0,0,0,0,76,0,365,0,121428,0,0,16514
USC_points_50_250.png,4975,49356,34899,0,0,0,0,0,0,0,0,421,0,9143,1689,144046,0,0,5471
USC_points_50_300.png,2732,0,18469,0,0,0,0,0,0,0,0,75,0,2335,0,204883,0,0,21506
USC_points_50_50.png,9987,93100,41184,0,0,0,0,0,0,0,0,0,0,12546,0,80732,0,0,12451
USC_points_550_-100.png,0,0,0,0,0,0,0,0,0,0,0,0,0,0,0,250000,0,0,0
USC_points_550_-50.png,3720,38711,16162,0,0,0,0,0,0,0,0,247,0,248,0,190912,0,0,0
USC_points_600_0.png,0,0,0,0,0,0,0,0,0,0,0,0,0,0,0,250000,0,0,0
WMSC_points_-100_-100.png,6771,11650,55700,0,0,8198,0,0,0,0,0,0,0,1596,0,61900,0,0,104185
WMSC_points_-100_-150.png,18346,0,81454,0,0,0,0,0,0,0,0,18,0,2420,0,39430,0,0,108332
WMSC_points_-100_-200.png,44057,0,109694,0,0,0,0,0,0,0,0,0,0,123,0,1279,0,0,94847
WMSC_points_-100_-50.png,1417,107407,21870,0,0,7123,0,0,0,0,0,224,0,2272,0,64182,0,0,45505
WMSC_points_-150_-150.png,9799,0,83404,0,0,0,0,0,0,0,0,0,0,0,0,3431,0,0,153366
WMSC_points_-150_-200.png,20951,0,48119,0,0,0,0,0,0,0,0,0,0,2142,0,46100,0,0,132688
WMSC_points_-200_-100.png,5760,12841,33919,0,0,1219,0,0,0,0,0,0,0,3641,2058,40871,0,0,149691
WMSC_points_-200_-200.png,9800,0,42804,0,0,0,0,0,0,0,0,0,0,0,0,24774,0,0,172622
WMSC_points_-200_-50.png,5117,61048,5763,0,0,0,0,0,0,0,0,0,0,2300,2446,78087,0,0,95239
WMSC_points_-200_0.png,31948,0,9807,0,0,0,0,0,0,0,0,0,0,0,6169,0,0,0,202076
WMSC_points_-250_-100.png,14892,0,56847,0,0,0,0,0,0,0,0,0,0,39,4252,6676,0,0,167294
WMSC_points_-250_-150.png,5161,0,45246,0,0,0,0,0,0,0,0,0,0,201,0,0,0,0,199392
WMSC_points_-250_-200.png,1465,0,11171,0,0,0,0,0,0,0,0,0,0,0,0,0,0,0,237364
WMSC_points_-50_-100.png,17481,0,33832,0,0,4074,0,0,0,0,0,0,0,11121,0,87920,0,0,95572
WMSC_points_-50_-150.png,7889,0,56785,0,0,0,0,0,0,0,0,168,0,959,0,23977,0,0,160222
WMSC_points_-50_-50.png,23828,1434,25604,0,0,420,0,0,0,0,0,58,0,7352,1620,86373,0,0,103311
WMSC_points_-50_0.png,38638,22896,13814,0,0,0,0,0,0,0,0,159,0,2439,7352,33799,0,0,130903
WMSC_points_-50_100.png,378,0,0,0,0,0,0,0,0,0,0,0,0,0,0,0,0,0,249622
WMSC_points_0_-100.png,10238,0,94527,0,0,7,0,0,0,0,0,0,0,0,0,37753,0,0,107475
WMSC_points_0_-150.png,5570,0,74123,0,0,0,0,0,0,0,0,0,0,0,0,0,0,0,170307
WMSC_points_0_-50.png,6885,0,37874,0,0,0,0,0,0,0,0,0,0,12,0,7979,0,0,197250
WMSC_points_0_100.png,2583,0,5477,0,0,0,0,0,0,0,0,0,0,0,0,0,0,0,241940
WMSC_points_0_50.png,19163,0,12436,0,0,0,0,0,0,0,0,0,0,0,0,0,0,0,218401
WMSC_points_100_-50.png,7935,62329,27017,0,0,1283,0,0,0,0,0,0,0,4928,6417,30830,0,0,109261
WMSC_points_100_0.png,8449,58434,23436,0,0,0,0,0,0,0,0,0,0,7887,4038,89338,0,0,58418
WMSC_points_100_100.png,14992,0,14514,0,0,0,0,0,0,0,0,0,0,0,0,0,0,0,220494
WMSC_points_100_50.png,1001,26518,9864,0,0,0,0,0,0,0,0,0,0,333,0,19935,0,0,192349
WMSC_points_150_-100.png,5004,0,15566,0,0,0,0,0,0,0,0,0,0,0,0,0,0,0,229430
WMSC_points_150_-50.png,10996,0,52655,0,0,0,0,0,0,0,0,0,0,51,1268,0,0,0,185030
WMSC_points_150_0.png,29806,982,30823,0,0,0,0,0,0,0,0,0,0,912,0,27840,0,0,159637
WMSC_points_150_100.png,925,0,37,0,0,0,0,0,0,0,0,0,0,0,0,0,0,0,249038
WMSC_points_200_-50.png,14044,0,65838,0,0,0,0,0,0,0,0,0,0,0,0,0,0,0,170118
WMSC_points_200_0.png,27732,0,68770,0,0,0,0,0,0,0,0,0,0,0,0,21987,0,0,131511
WMSC_points_50_-100.png,7106,0,57008,0,0,1043,0,0,0,0,0,0,0,0,0,14131,0,0,170712
WMSC_points_50_-150.png,931,0,6391,0,0,0,0,0,0,0,0,0,0,0,0,0,0,0,242678
WMSC_points_50_-50.png,8890,73845,39608,0,0,1115,0,0,0,0,0,0,0,6586,0,44019,0,0,75937
WMSC_points_50_0.png,5039,21980,21876,0,0,0,0,0,0,0,0,44,0,8176,1745,50945,0,0,140195
WMSC_points_50_100.png,730,0,14894,0,0,0,0,0,0,0,0,0,0,0,0,0,0,0,234376
WMSC_points_50_50.png,11908,13659,8132,0,0,0,0,0,0,0,0,0,0,0,93,3117,0,0,213091
